line_no,file_name,self_id,cue,sequence,waveform,awb_stream,character_name,role,gender,voice_target,reference_audio,thai_text,pronunciation_note,prosody_note,status,tts_text,voice_project
1,MS16_X34_A1_0010_F_ANA_0010.wav,MS16_X34_A1_0010_F_ANA_0010,0,0,0,1,Anna,main,female,anna,assets/triangle-strategy/approved_voice_references/anna.wav,ข้าคิดว่าเช่นนั้นเจ้าค่ะ แต่เรายังไม่รู้แน่ชัด,,,PENDING_MANUAL_GENERATION,,triangle-strategy
2,MS16_X34_A1_0010_F_ANA_0020.wav,MS16_X34_A1_0010_F_ANA_0020,1,1,1,2,Anna,main,female,anna,assets/triangle-strategy/approved_voice_references/anna.wav,มีเพียงไม่กี่คนเท่านั้น ที่ได้รับอนุญาตให้ควบคุมงานเหมืองและขนส่ง,,,PENDING_MANUAL_GENERATION,,triangle-strategy
3,MS16_X34_A1_0010_F_FRE_0010.wav,MS16_X34_A1_0010_F_FRE_0010,2,2,2,3,Frederica,main,female,frederica,assets/triangle-strategy/approved_voice_references/frederica.wav,แร่เหล็กเหรอเจ้าคะ?,,,PENDING_MANUAL_GENERATION,,triangle-strategy
4,MS16_X34_A1_0010_F_FRE_0020.wav,MS16_X34_A1_0010_F_FRE_0020,3,3,3,4,Frederica,main,female,frederica,assets/triangle-strategy/approved_voice_references/frederica.wav,สิ่งที่แม่ข้าเขียนไว้ในบันทึกคงเป็นเรื่องจริงสินะ...,,,PENDING_MANUAL_GENERATION,,triangle-strategy
5,MS16_X34_A1_0010_F_HEW_0010.wav,MS16_X34_A1_0010_F_HEW_0010,4,4,4,5,Hughette,main,female,hughette,assets/triangle-strategy/approved_voice_references/hughette.wav,ข้าลาดตระเวนเหมืองนอร์เซเลียเรียบร้อยแล้วเจ้าค่ะ,,,PENDING_MANUAL_GENERATION,,triangle-strategy
6,MS16_X34_A1_0010_F_HEW_0020.wav,MS16_X34_A1_0010_F_HEW_0020,5,5,5,6,Hughette,main,female,hughette,assets/triangle-strategy/approved_voice_references/hughette.wav,ไม่มีร่องรอยของคนเหมืองหรือคนงานส่งของเลยเจ้าค่ะ,,,PENDING_MANUAL_GENERATION,,triangle-strategy
7,MS16_X34_A1_0010_F_HEW_0030.wav,MS16_X34_A1_0010_F_HEW_0030,6,6,6,7,Hughette,main,female,hughette,assets/triangle-strategy/approved_voice_references/hughette.wav,จำนวนข้าศึกมีไม่เยอะเท่าใดนัก แต่ทหารส่วนใหญ่ถูกมอบหมายให้ทำงานในเหมืองเจ้าค่ะ ไม่แน่ใจว่ามีมากน้อยเพียงใด,,,PENDING_MANUAL_GENERATION,,triangle-strategy
8,MS16_X34_A1_0010_F_YRA_0010.wav,MS16_X34_A1_0010_F_YRA_0010,7,7,7,8,Geela,main,female,geela,assets/triangle-strategy/approved_voice_references/geela.wav,...แต่ราชรัฐเองก็มีเหมืองเหล็กคุณภาพเยี่ยมอยู่ไม่น้อยเช่นกัน,,,PENDING_MANUAL_GENERATION,,triangle-strategy
9,MS16_X34_A1_0010_F_YRA_0020.wav,MS16_X34_A1_0010_F_YRA_0020,8,8,8,9,Geela,main,female,geela,assets/triangle-strategy/approved_voice_references/geela.wav,แล้วทำไมถึงต้องลำบากมาขุดเหล็กจากเหมืองแห่งนี้โดยเฉพาะด้วยล่ะ?,,,PENDING_MANUAL_GENERATION,,triangle-strategy
10,MS16_X34_A1_0010_M_BND_0010.wav,MS16_X34_A1_0010_M_BND_0010,9,9,9,10,Benedict,main,male,benedict,assets/triangle-strategy/approved_voice_references/benedict.wav,หลังจากที่เกลนบรู๊คถูกยึดครอง เอสฟรอสต์ก็เร่งมือขุดเหมืองอย่างเต็มที่...,,,PENDING_MANUAL_GENERATION,,triangle-strategy
11,MS16_X34_A1_0010_M_BND_0020.wav,MS16_X34_A1_0010_M_BND_0020,10,10,10,11,Benedict,main,male,benedict,assets/triangle-strategy/approved_voice_references/benedict.wav,สิ่งที่พวกเขาขุดออกมาได้นั้น เหมือนจะถูกส่งไปยังราชรัฐเป็นจำนวนมากเช่นกัน,,,PENDING_MANUAL_GENERATION,,triangle-strategy
12,MS16_X34_A1_0010_M_ELA_0010.wav,MS16_X34_A1_0010_M_ELA_0010,11,11,11,12,Erador,main,male,erador,assets/triangle-strategy/approved_voice_references/erador.wav,แปลกดีเนอะว่าไหม? จริงอยู่ที่แร่เหล็กจากเหมืองนอร์เซเลียเป็นของดี...,,,PENDING_MANUAL_GENERATION,,triangle-strategy
13,MS16_X34_A1_0010_M_ELA_0020.wav,MS16_X34_A1_0010_M_ELA_0020,12,12,12,13,Erador,main,male,erador,assets/triangle-strategy/approved_voice_references/erador.wav,เหมืองแห่งนี้มันมีอะไรวิเศษหนักหนางั้นเหรอ?,,,PENDING_MANUAL_GENERATION,,triangle-strategy
14,MS16_X34_A1_0010_M_RLN_0010.wav,MS16_X34_A1_0010_M_RLN_0010,13,13,13,14,Roland,main,male,roland,assets/triangle-strategy/approved_voice_references/roland.wav,ข้าสังหรณ์ว่าใช่,,,PENDING_MANUAL_GENERATION,,triangle-strategy
15,MS16_X34_A1_0010_M_RLN_0020.wav,MS16_X34_A1_0010_M_RLN_0020,14,14,14,15,Roland,main,male,roland,assets/triangle-strategy/approved_voice_references/roland.wav,แม้กุสตาดอล์ฟจะใช้การตายของลอร์ดดราแกนเป็นข้ออ้างในการรุกราน...,,,PENDING_MANUAL_GENERATION,,triangle-strategy
16,MS16_X34_A1_0010_M_RLN_0030.wav,MS16_X34_A1_0010_M_RLN_0030,15,15,15,16,Roland,main,male,roland,assets/triangle-strategy/approved_voice_references/roland.wav,...แต่ข้าเชื่อว่าแท้จริงแล้ว เขาต้องการยึดอำนาจในเหมือง มิใช่อาณาจักรของเราเป็นแน่,,,PENDING_MANUAL_GENERATION,,triangle-strategy
17,MS16_X34_A1_0010_M_RLN_0040.wav,MS16_X34_A1_0010_M_RLN_0040,16,16,16,17,Roland,main,male,roland,assets/triangle-strategy/approved_voice_references/roland.wav,ทำดีมากฮิวเอทท์ ขอบใจนะ,,,PENDING_MANUAL_GENERATION,,triangle-strategy
18,MS16_X34_A1_0010_M_RLN_0050.wav,MS16_X34_A1_0010_M_RLN_0050,17,17,17,18,Roland,main,male,roland,assets/triangle-strategy/approved_voice_references/roland.wav,ก็นั่นแหละ พวกเอสฟรอสต์กำลังวางแผนอะไรสักอย่างอยู่ในเหมือง,,,PENDING_MANUAL_GENERATION,,triangle-strategy
19,MS16_X34_A1_0010_M_RLN_0060.wav,MS16_X34_A1_0010_M_RLN_0060,18,18,18,19,Roland,main,male,roland,assets/triangle-strategy/approved_voice_references/roland.wav,ไม่ว่าจะเป็นแผนอะไร เราจะปล่อยให้พวกมันทางสะดวกเช่นนี้ไม่ได้,,,PENDING_MANUAL_GENERATION,,triangle-strategy
20,MS16_X34_A1_0010_M_SEL_0010.wav,MS16_X34_A1_0010_M_SEL_0010,19,19,19,20,Serenoa,main,male,serenoa,assets/triangle-strategy/approved_voice_references/serenoa.wav,ทหารเอสฟรอสต์ผู้รอดชีวิต กำลังชุมนุมกันที่เหมืองนอร์เซเลีย...,,,PENDING_MANUAL_GENERATION,,triangle-strategy
21,MS16_X34_A1_0010_M_SEL_0020.wav,MS16_X34_A1_0010_M_SEL_0020,20,20,20,21,Serenoa,main,male,serenoa,assets/triangle-strategy/approved_voice_references/serenoa.wav,"หรือจริงๆควรพูดว่า ""ระดมพล"" เพื่อปกป้องเหมืองแห่งนั้นสุดชีวิต",,,PENDING_MANUAL_GENERATION,,triangle-strategy
22,MS16_X34_A1_0010_M_SEL_0030.wav,MS16_X34_A1_0010_M_SEL_0030,21,21,21,22,Serenoa,main,male,serenoa,assets/triangle-strategy/approved_voice_references/serenoa.wav,ไปยึดเหมืองนอร์เซเลียกลับมากันเถอะ,,,PENDING_MANUAL_GENERATION,,triangle-strategy
23,MS16_X34_A1_0010_M_SEL_0040.wav,MS16_X34_A1_0010_M_SEL_0040,22,22,22,23,Serenoa,main,male,serenoa,assets/triangle-strategy/approved_voice_references/serenoa.wav,เราจะได้รู้ว่าราชรัฐมีเป้าหมายอะไรกันแน่...,,,PENDING_MANUAL_GENERATION,,triangle-strategy
24,MS16_X34_A1_1020_F_ANA_0010.wav,MS16_X34_A1_1020_F_ANA_0010,23,23,23,24,Anna,main,female,anna,assets/triangle-strategy/approved_voice_references/anna.wav,หากตำนานโรเซลล์เป็นเรื่องจริง ข้าคิดว่ามันเป็นไปได้นะ,,,PENDING_MANUAL_GENERATION,,triangle-strategy
25,MS16_X34_A1_1020_F_ANA_0020.wav,MS16_X34_A1_1020_F_ANA_0020,24,24,24,25,Anna,main,female,anna,assets/triangle-strategy/approved_voice_references/anna.wav,แต่เหมืองนอร์เซเลียนั้นถูกสร้างขึ้นด้วยความร่วมมือของอาณาจักรทั้งสาม,,,PENDING_MANUAL_GENERATION,,triangle-strategy
26,MS16_X34_A1_1020_F_ANA_0030.wav,MS16_X34_A1_1020_F_ANA_0030,25,25,25,26,Anna,main,female,anna,assets/triangle-strategy/approved_voice_references/anna.wav,และหากพื้นที่เช่นนี้มีคริสตัลเกลืออยู่จริง ตัวคนเดียวเอสฟรอสต์สร้างเหมืองใหม่ไม่ไหวหรอก,,,PENDING_MANUAL_GENERATION,,triangle-strategy
27,MS16_X34_A1_1020_F_FRE_0010.wav,MS16_X34_A1_1020_F_FRE_0010,26,26,26,27,Frederica,main,female,frederica,assets/triangle-strategy/approved_voice_references/frederica.wav,โอ๊ะ!,,,PENDING_MANUAL_GENERATION,,triangle-strategy
28,MS16_X34_A1_1020_F_FRE_0020.wav,MS16_X34_A1_1020_F_FRE_0020,27,27,27,28,Frederica,main,female,frederica,assets/triangle-strategy/approved_voice_references/frederica.wav,เกลือตกผลึกที่จมสู่ใต้พิภพ...,,,PENDING_MANUAL_GENERATION,,triangle-strategy
29,MS16_X34_A1_1020_F_FRE_0030.wav,MS16_X34_A1_1020_F_FRE_0030,28,28,28,29,Frederica,main,female,frederica,assets/triangle-strategy/approved_voice_references/frederica.wav,ตำนานโรเซลล์ของท่านแม่คือเรื่องจริง!,,,PENDING_MANUAL_GENERATION,,triangle-strategy
30,MS16_X34_A1_1020_F_FRE_0040.wav,MS16_X34_A1_1020_F_FRE_0040,29,29,29,30,Frederica,main,female,frederica,assets/triangle-strategy/approved_voice_references/frederica.wav,เกลือนั้นคือพรศักดิ์สิทธิ์ ของขวัญที่เทพธิดาประทานให้แก่ผู้ศรัทธาโดยแท้จริง,,,PENDING_MANUAL_GENERATION,,triangle-strategy
31,MS16_X34_A1_1020_F_FRE_0050.wav,MS16_X34_A1_1020_F_FRE_0050,30,30,30,31,Frederica,main,female,frederica,assets/triangle-strategy/approved_voice_references/frederica.wav,นั่นคือหลักความเชื่อที่ไฮแซนต์ใช้เพื่อครอบครองนาเกลือเพียงผู้เดียว,,,PENDING_MANUAL_GENERATION,,triangle-strategy
32,MS16_X34_A1_1020_F_FRE_0060.wav,MS16_X34_A1_1020_F_FRE_0060,31,31,31,32,Frederica,main,female,frederica,assets/triangle-strategy/approved_voice_references/frederica.wav,แต่การมีอยู่ของคริสตัลเหล่านี้ แสดงให้เห็นว่าเกลือถูกค้นพบได้นอกเหนือจากนาเกลือเช่นกัน มันหักล้างในคำสอนเทพธิดา,,,PENDING_MANUAL_GENERATION,,triangle-strategy
33,MS16_X34_A1_1020_F_FRE_0070.wav,MS16_X34_A1_1020_F_FRE_0070,32,32,32,33,Frederica,main,female,frederica,assets/triangle-strategy/approved_voice_references/frederica.wav,และเป็นเครื่องพิสูจน์ความจริงของตำนานโรเซลล์,,,PENDING_MANUAL_GENERATION,,triangle-strategy
34,MS16_X34_A1_1020_F_FRE_0080.wav,MS16_X34_A1_1020_F_FRE_0080,33,33,33,34,Frederica,main,female,frederica,assets/triangle-strategy/approved_voice_references/frederica.wav,หากเราเผยความจริง พวกเขาจะต้องปลดปล่อยชาวโรเซลล์ที่ถูกกักขังอย่างเลี่ยงไม่ได้!,,,PENDING_MANUAL_GENERATION,,triangle-strategy
35,MS16_X34_A1_1020_F_HEW_0010.wav,MS16_X34_A1_1020_F_HEW_0010,34,34,34,35,Hughette,main,female,hughette,assets/triangle-strategy/approved_voice_references/hughette.wav,คิดว่ากุสตาดอล์ฟค้นพบได้ยังไงเจ้าคะ?,,,PENDING_MANUAL_GENERATION,,triangle-strategy
36,MS16_X34_A1_1020_F_HEW_0020.wav,MS16_X34_A1_1020_F_HEW_0020,35,35,35,36,Hughette,main,female,hughette,assets/triangle-strategy/approved_voice_references/hughette.wav,แล้วถ้าพวกมันพบคริสตัลเกลือจากแหล่งอื่นล่ะเจ้าคะ?,,,PENDING_MANUAL_GENERATION,,triangle-strategy
37,MS16_X34_A1_1020_F_HEW_0030.wav,MS16_X34_A1_1020_F_HEW_0030,36,36,36,37,Hughette,main,female,hughette,assets/triangle-strategy/approved_voice_references/hughette.wav,เจ้าค่ะ ฝ่าบาท,,,PENDING_MANUAL_GENERATION,,triangle-strategy
38,MS16_X34_A1_1020_F_MIR_0020.wav,MS16_X34_A1_1020_F_MIR_0020,38,38,38,39,ไมโล,npc,female,milo,assets/triangle-strategy/approved_voice_references/milo.wav,อืมมม... ตาแก่นั่นมันตามหาสิ่งนี้อยู่สินะ...,,,PENDING_MANUAL_GENERATION,,triangle-strategy
39,MS16_X34_A1_1020_F_YRA_0010.wav,MS16_X34_A1_1020_F_YRA_0010,39,39,39,40,Geela,main,female,geela,assets/triangle-strategy/approved_voice_references/geela.wav,ตราบใดที่พวกเขาขุดเกลือของตน เกลือจากรัฐศักดิ์สิทธิ์ก็ไม่จำเป็น...,,,PENDING_MANUAL_GENERATION,,triangle-strategy
40,MS16_X34_A1_1020_F_YRA_0020.wav,MS16_X34_A1_1020_F_YRA_0020,40,40,40,41,Geela,main,female,geela,assets/triangle-strategy/approved_voice_references/geela.wav,หากผู้คนรู้เข้า นาเกลือและเทพธิดาซึ่งเป็นสองเสาหลักที่ค้ำจุนไฮแซนต์จะพังทลาย,,,PENDING_MANUAL_GENERATION,,triangle-strategy
41,MS16_X34_A1_1020_M_BND_0010.wav,MS16_X34_A1_1020_M_BND_0010,41,41,41,42,Benedict,main,male,benedict,assets/triangle-strategy/approved_voice_references/benedict.wav,เหมืองนอร์เซเลียถูกสร้างทับแหล่งคริสตัลเกลือสินะ...,,,PENDING_MANUAL_GENERATION,,triangle-strategy
42,MS16_X34_A1_1020_M_BND_0020.wav,MS16_X34_A1_1020_M_BND_0020,42,42,42,43,Benedict,main,male,benedict,assets/triangle-strategy/approved_voice_references/benedict.wav,เพราะแบบนี้ เอสฟรอสต์จึงตัดความสัมพันธ์กับไฮแซนต์ได้,,,PENDING_MANUAL_GENERATION,,triangle-strategy
43,MS16_X34_A1_1020_M_BND_0030.wav,MS16_X34_A1_1020_M_BND_0030,43,43,43,44,Benedict,main,male,benedict,assets/triangle-strategy/approved_voice_references/benedict.wav,ลอร์ดดราแกนคือผู้ที่ดูแลเหมืองแห่งนี้,,,PENDING_MANUAL_GENERATION,,triangle-strategy
44,MS16_X34_A1_1020_M_BND_0040.wav,MS16_X34_A1_1020_M_BND_0040,44,44,44,45,Benedict,main,male,benedict,assets/triangle-strategy/approved_voice_references/benedict.wav,จนกระทั่งถูกลอบสังหารโดยเอสฟรอสต์,,,PENDING_MANUAL_GENERATION,,triangle-strategy
45,MS16_X34_A1_1020_M_BND_0050.wav,MS16_X34_A1_1020_M_BND_0050,45,45,45,46,Benedict,main,male,benedict,assets/triangle-strategy/approved_voice_references/benedict.wav,ซึ่งกุสตาดอล์ฟใช้เป็นข้ออ้างเพื่อรุกรานเกลนบรู๊ค และยึดครองเหมืองในเวลาต่อมา,,,PENDING_MANUAL_GENERATION,,triangle-strategy
46,MS16_X34_A1_1020_M_BND_0060.wav,MS16_X34_A1_1020_M_BND_0060,46,46,46,47,Benedict,main,male,benedict,assets/triangle-strategy/approved_voice_references/benedict.wav,แสดงว่า...,,,PENDING_MANUAL_GENERATION,,triangle-strategy
47,MS16_X34_A1_1020_M_BND_0065.wav,MS16_X34_A1_1020_M_BND_0065,47,47,47,48,Benedict,main,male,benedict,assets/triangle-strategy/approved_voice_references/benedict.wav,...ลอร์ดดราแกนคือคนแรกที่ค้นพบคริสตัลเกลือ,,,PENDING_MANUAL_GENERATION,,triangle-strategy
48,MS16_X34_A1_1020_M_BND_0067.wav,MS16_X34_A1_1020_M_BND_0067,48,48,48,49,Benedict,main,male,benedict,assets/triangle-strategy/approved_voice_references/benedict.wav,และพวกได้ต่อสู้แย่งชิงความเป็นเจ้าของ ระหว่างเขาและกุสตาดอล์ฟ,,,PENDING_MANUAL_GENERATION,,triangle-strategy
49,MS16_X34_A1_1020_M_BND_0070.wav,MS16_X34_A1_1020_M_BND_0070,49,49,49,50,Benedict,main,male,benedict,assets/triangle-strategy/approved_voice_references/benedict.wav,เรื่องนี้ไม่กระทบแต่เพียงเอสฟรอสต์ แต่การมีอยู่ของคริสตัลเกลือจะสะเทือนหลักคำสอนไฮแซนต์ทั้งสิ้น,,,PENDING_MANUAL_GENERATION,,triangle-strategy
50,MS16_X34_A1_1020_M_BND_0080.wav,MS16_X34_A1_1020_M_BND_0080,50,50,50,51,Benedict,main,male,benedict,assets/triangle-strategy/approved_voice_references/benedict.wav,จะทำอะไรช่วยคิดให้ดีก่อนนะขอรับ,,,PENDING_MANUAL_GENERATION,,triangle-strategy
51,MS16_X34_A1_1020_M_ELA_0010.wav,MS16_X34_A1_1020_M_ELA_0010,51,51,51,52,Erador,main,male,erador,assets/triangle-strategy/approved_voice_references/erador.wav,แสดงว่าเราทำถูกที่ยึดเหมืองสินะ,,,PENDING_MANUAL_GENERATION,,triangle-strategy
52,MS16_X34_A1_1020_M_ELA_0020.wav,MS16_X34_A1_1020_M_ELA_0020,52,52,52,53,Erador,main,male,erador,assets/triangle-strategy/approved_voice_references/erador.wav,พวกนั้นขนคริสตัลเกลือกลับราชรัฐไปเยอะแล้ว แต่สุดท้ายก็คงหมดอยู่ดี,,,PENDING_MANUAL_GENERATION,,triangle-strategy
53,MS16_X34_A1_1020_M_RLN_0010.wav,MS16_X34_A1_1020_M_RLN_0010,53,53,53,54,Roland,main,male,roland,assets/triangle-strategy/approved_voice_references/roland.wav,หินชมพูนี่ไม่ใช่แร่เหล็ก...,,,PENDING_MANUAL_GENERATION,,triangle-strategy
54,MS16_X34_A1_1020_M_RLN_0020.wav,MS16_X34_A1_1020_M_RLN_0020,54,54,54,55,Roland,main,male,roland,assets/triangle-strategy/approved_voice_references/roland.wav,แสดงว่ากุสตาดอล์ฟสั่งฆ่าดราแกน...รุกรานเกลนบรู๊คเพื่อยึดครองเหมืองและคริสตัลเกลือให้เป็นของตนเพียงผู้เดียว,,,PENDING_MANUAL_GENERATION,,triangle-strategy
55,MS16_X34_A1_1020_M_RLN_0030.wav,MS16_X34_A1_1020_M_RLN_0030,55,55,55,56,Roland,main,male,roland,assets/triangle-strategy/approved_voice_references/roland.wav,ไอ้สารเลวร้อยเล่ห์!,,,PENDING_MANUAL_GENERATION,,triangle-strategy
56,MS16_X34_A1_1020_M_RLN_0040.wav,MS16_X34_A1_1020_M_RLN_0040,56,56,56,57,Roland,main,male,roland,assets/triangle-strategy/approved_voice_references/roland.wav,ถูกต้อง หากเรายึดเหมืองแห่งนี้ได้ เอสฟรอสต์จะไร้ทางเลือกนอกเสียจากต้องยอมแพ้,,,PENDING_MANUAL_GENERATION,,triangle-strategy
57,MS16_X34_A1_1020_M_RLN_0050.wav,MS16_X34_A1_1020_M_RLN_0050,57,57,57,58,Roland,main,male,roland,assets/triangle-strategy/approved_voice_references/roland.wav,แสดงว่าตอนนี้พวกเขากำลังอ่อนแอ โดยปราศจากแหล่งเกลือเป็นของตัวเอง,,,PENDING_MANUAL_GENERATION,,triangle-strategy
58,MS16_X34_A1_1020_M_RLN_0060.wav,MS16_X34_A1_1020_M_RLN_0060,58,58,58,59,Roland,main,male,roland,assets/triangle-strategy/approved_voice_references/roland.wav,ใช่แล้วล่ะ แต่ตอนนี้เรากลับนครหลวงกันก่อนเถอะ,,,PENDING_MANUAL_GENERATION,,triangle-strategy
59,MS16_X34_A1_1020_M_RLN_0070.wav,MS16_X34_A1_1020_M_RLN_0070,59,59,59,60,Roland,main,male,roland,assets/triangle-strategy/approved_voice_references/roland.wav,ฮิวเอทท์ ฝากไปบอกที่นครหลวงด้วย ว่าเราต้องการทหารมาประจำการที่นี่,,,PENDING_MANUAL_GENERATION,,triangle-strategy
60,MS16_X34_A1_1020_M_RLN_0080.wav,MS16_X34_A1_1020_M_RLN_0080,60,60,60,61,Roland,main,male,roland,assets/triangle-strategy/approved_voice_references/roland.wav,ห้ามใครเข้าใกล้เหมืองโดยเด็ดขาด,,,PENDING_MANUAL_GENERATION,,triangle-strategy
61,MS16_X34_A1_1020_M_SEL_0010.wav,MS16_X34_A1_1020_M_SEL_0010,61,61,61,62,Serenoa,main,male,serenoa,assets/triangle-strategy/approved_voice_references/serenoa.wav,มันคือเกลือ หรือควรเรียกว่า...,,,PENDING_MANUAL_GENERATION,,triangle-strategy
62,MS16_X34_A1_1020_M_SEL_0020.wav,MS16_X34_A1_1020_M_SEL_0020,62,62,62,63,Serenoa,main,male,serenoa,assets/triangle-strategy/approved_voice_references/serenoa.wav,คริสตัลเกลือ,,,PENDING_MANUAL_GENERATION,,triangle-strategy
63,MS16_X34_A1_1020_M_SEL_0030.wav,MS16_X34_A1_1020_M_SEL_0030,63,63,63,64,Serenoa,main,male,serenoa,assets/triangle-strategy/approved_voice_references/serenoa.wav,อนาคตของนอร์เซเลียอยู่ในมือเราแล้ว,,,PENDING_MANUAL_GENERATION,,triangle-strategy
64,MS16_X34_B0_0010_M_GST_0010.wav,MS16_X34_B0_0010_M_GST_0010,64,64,64,65,กุสตาดอล์ฟ,npc,male,gustadolph,assets/triangle-strategy/approved_voice_references/gustadolph.wav,นายพลซิคราส เจ้าปล่อยโจรให้มาบุกหอสมุดเช่นนี้ได้ยังไง?,,,PENDING_MANUAL_GENERATION,,triangle-strategy
65,MS16_X34_B0_0010_M_GST_0020.wav,MS16_X34_B0_0010_M_GST_0020,65,65,65,66,กุสตาดอล์ฟ,npc,male,gustadolph,assets/triangle-strategy/approved_voice_references/gustadolph.wav,พวกมันเอาอะไรไป?,,,PENDING_MANUAL_GENERATION,,triangle-strategy
66,MS16_X34_B0_0010_M_GST_0030.wav,MS16_X34_B0_0010_M_GST_0030,66,66,66,67,กุสตาดอล์ฟ,npc,male,gustadolph,assets/triangle-strategy/approved_voice_references/gustadolph.wav,ออลายา? นางทิ้งข้อความอะไรไว้ให้เราด้วยเหรอ?,,,PENDING_MANUAL_GENERATION,,triangle-strategy
67,MS16_X34_B0_0010_M_GST_0040.wav,MS16_X34_B0_0010_M_GST_0040,67,67,67,68,กุสตาดอล์ฟ,npc,male,gustadolph,assets/triangle-strategy/approved_voice_references/gustadolph.wav,ธาลาสกับเอริก้าคงซ่อนมันไว้สินะ สองคนนั้นเสพสุขด้วยการเห็นเฟรเดอริก้าทรมาน,,,PENDING_MANUAL_GENERATION,,triangle-strategy
68,MS16_X34_B0_0010_M_GST_0050.wav,MS16_X34_B0_0010_M_GST_0050,68,68,68,69,กุสตาดอล์ฟ,npc,male,gustadolph,assets/triangle-strategy/approved_voice_references/gustadolph.wav,แล้วพวกเรารู้เนื้อหาข้างในหนังสือไหม?,,,PENDING_MANUAL_GENERATION,,triangle-strategy
69,MS16_X34_B0_0010_M_GST_0060.wav,MS16_X34_B0_0010_M_GST_0060,69,69,69,70,กุสตาดอล์ฟ,npc,male,gustadolph,assets/triangle-strategy/approved_voice_references/gustadolph.wav,ต้องเป็นเรื่องสำคัญแน่ ถึงต้องปกป้องมันจากสายตาผู้คนขนาดนี้,,,PENDING_MANUAL_GENERATION,,triangle-strategy
70,MS16_X34_B0_0010_M_GST_0070.wav,MS16_X34_B0_0010_M_GST_0070,70,70,70,71,กุสตาดอล์ฟ,npc,male,gustadolph,assets/triangle-strategy/approved_voice_references/gustadolph.wav,อาจจะเกี่ยวกับการปลดปล่อยชาวโรเซลล์ ซึ่งนางสู้เพื่อมันมาโดยตลอดสินะ...,,,PENDING_MANUAL_GENERATION,,triangle-strategy
71,MS16_X34_B0_0010_M_GST_0080.wav,MS16_X34_B0_0010_M_GST_0080,71,71,71,72,กุสตาดอล์ฟ,npc,male,gustadolph,assets/triangle-strategy/approved_voice_references/gustadolph.wav,...หรือไม่ก็คงเป็นบันทึกระบายความในใจที่อยากส่งต่อให้ลูก เกี่ยวกับราชรัฐที่พวกนางเกลียดหนักหนา,,,PENDING_MANUAL_GENERATION,,triangle-strategy
72,MS16_X34_B0_0010_M_GST_0090.wav,MS16_X34_B0_0010_M_GST_0090,72,72,72,73,กุสตาดอล์ฟ,npc,male,gustadolph,assets/triangle-strategy/approved_voice_references/gustadolph.wav,ไม่ต้อง หัวขโมยเช่นนั้นไม่ใช่ภัยของเราแต่อย่างใด พวกมันแค่หาเลี้ยงชีพตัวเองด้วยการปล้นผู้อื่น,,,PENDING_MANUAL_GENERATION,,triangle-strategy
73,MS16_X34_B0_0010_M_GST_0110.wav,MS16_X34_B0_0010_M_GST_0110,73,73,73,74,กุสตาดอล์ฟ,npc,male,gustadolph,assets/triangle-strategy/approved_voice_references/gustadolph.wav,สิ่งสำคัญในตอนนี้คือการกำจัดสวาร็อค และเร่งพัฒนาปืนใหญ่เสียงสังเวยให้สำเร็จ ส่งทหารของเจ้าไปที่นั่นเลย,,,PENDING_MANUAL_GENERATION,,triangle-strategy
74,MS16_X34_B0_0010_M_SEC_0010.wav,MS16_X34_B0_0010_M_SEC_0010,74,74,74,75,ซิคราส,npc,male,sycras,assets/triangle-strategy/approved_voice_references/sycras.wav,ขออภัยด้วยขอรับ... ทหารของข้าไล่ตามโจรพวกนั้นตั้งแต่ที่พบเห็น แต่พวกมันรอดตัวไปซะได้...,,,PENDING_MANUAL_GENERATION,,triangle-strategy
75,MS16_X34_B0_0010_M_SEC_0020.wav,MS16_X34_B0_0010_M_SEC_0020,75,75,75,76,ซิคราส,npc,male,sycras,assets/triangle-strategy/approved_voice_references/sycras.wav,ยังดีที่พวกมันไม่สามารถอ่านเนื้อหา...ที่ค่อนข้างอ่อนไหวในหนังสือเล่มนั้นได้,,,PENDING_MANUAL_GENERATION,,triangle-strategy
76,MS16_X34_B0_0010_M_SEC_0030.wav,MS16_X34_B0_0010_M_SEC_0030,76,76,76,77,ซิคราส,npc,male,sycras,assets/triangle-strategy/approved_voice_references/sycras.wav,พวกมันขโมยหนังสือของท่านหญิงออลายาไปเพียงเล่มเดียวขอรับ,,,PENDING_MANUAL_GENERATION,,triangle-strategy
77,MS16_X34_B0_0010_M_SEC_0040.wav,MS16_X34_B0_0010_M_SEC_0040,77,77,77,78,ซิคราส,npc,male,sycras,assets/triangle-strategy/approved_voice_references/sycras.wav,นางต้องการส่งมอบหนังสือให้ท่านหญิงเฟรเดอริก้าในยามสิ้นใจ แต่กลับไม่มีใครปฏิบัติตามคำขอของนางเลย...,,,PENDING_MANUAL_GENERATION,,triangle-strategy
78,MS16_X34_B0_0010_M_SEC_0050.wav,MS16_X34_B0_0010_M_SEC_0050,78,78,78,79,ซิคราส,npc,male,sycras,assets/triangle-strategy/approved_voice_references/sycras.wav,ไม่ขอรับ มันถูกผนึกไว้ด้วยเวทย์บางอย่าง,,,PENDING_MANUAL_GENERATION,,triangle-strategy
79,MS16_X34_B0_0010_M_SEC_0060.wav,MS16_X34_B0_0010_M_SEC_0060,79,79,79,80,ซิคราส,npc,male,sycras,assets/triangle-strategy/approved_voice_references/sycras.wav,ข้าจะส่งหน่วยทหารไปไล่ล่าหัวขโมยพวกนั้นเองขอรับ,,,PENDING_MANUAL_GENERATION,,triangle-strategy
80,MS16_X34_B0_0010_M_SEC_0070.wav,MS16_X34_B0_0010_M_SEC_0070,80,80,80,81,ซิคราส,npc,male,sycras,assets/triangle-strategy/approved_voice_references/sycras.wav,ขอรับ นายท่าน!,,,PENDING_MANUAL_GENERATION,,triangle-strategy
81,MS16_X34_B0_1010_M_GST_0010.wav,MS16_X34_B0_1010_M_GST_0010,81,81,81,82,กุสตาดอล์ฟ,npc,male,gustadolph,assets/triangle-strategy/approved_voice_references/gustadolph.wav,ทหารเราป้องกันเหมืองนอร์เซเลียไม่ได้เหรอ,,,PENDING_MANUAL_GENERATION,,triangle-strategy
82,MS16_X34_B0_1010_M_GST_0020.wav,MS16_X34_B0_1010_M_GST_0020,82,82,82,83,กุสตาดอล์ฟ,npc,male,gustadolph,assets/triangle-strategy/approved_voice_references/gustadolph.wav,แสดงว่าพวกมันพบคริสตัลเกลือแล้วแน่ๆ บ้าจริง...,,,PENDING_MANUAL_GENERATION,,triangle-strategy
83,MS16_X34_B0_1010_M_GST_0030.wav,MS16_X34_B0_1010_M_GST_0030,83,83,83,84,กุสตาดอล์ฟ,npc,male,gustadolph,assets/triangle-strategy/approved_voice_references/gustadolph.wav,เร่งระดมพลเดี๋ยวนี้,,,PENDING_MANUAL_GENERATION,,triangle-strategy
84,MS16_X34_B0_1010_M_GST_0040.wav,MS16_X34_B0_1010_M_GST_0040,84,84,84,85,กุสตาดอล์ฟ,npc,male,gustadolph,assets/triangle-strategy/approved_voice_references/gustadolph.wav,สวาร็อค ในที่สุดก็ตอบรับคำเชิญของข้าเสียทีนะ,,,PENDING_MANUAL_GENERATION,,triangle-strategy
85,MS16_X34_B0_1010_M_GST_0050.wav,MS16_X34_B0_1010_M_GST_0050,85,85,85,86,กุสตาดอล์ฟ,npc,male,gustadolph,assets/triangle-strategy/approved_voice_references/gustadolph.wav,อย่ามายิ้มเย้ยข้าเช่นนี้,,,PENDING_MANUAL_GENERATION,,triangle-strategy
86,MS16_X34_B0_1010_M_GST_0060.wav,MS16_X34_B0_1010_M_GST_0060,86,86,86,87,กุสตาดอล์ฟ,npc,male,gustadolph,assets/triangle-strategy/approved_voice_references/gustadolph.wav,ท่านอาก็รู้เรื่องคริสตัลเกลือสินะ,,,PENDING_MANUAL_GENERATION,,triangle-strategy
87,MS16_X34_B0_1010_M_GST_0070.wav,MS16_X34_B0_1010_M_GST_0070,87,87,87,88,กุสตาดอล์ฟ,npc,male,gustadolph,assets/triangle-strategy/approved_voice_references/gustadolph.wav,ข้าจะใช้คริสตัลเกลือเพื่อตอกฝาโลงไฮแซนต์,,,PENDING_MANUAL_GENERATION,,triangle-strategy
88,MS16_X34_B0_1010_M_GST_0080.wav,MS16_X34_B0_1010_M_GST_0080,88,88,88,89,กุสตาดอล์ฟ,npc,male,gustadolph,assets/triangle-strategy/approved_voice_references/gustadolph.wav,เพื่อมอบอิสรภาพแก่นอร์เซเลีย จากทรราชผูกขาดเกลือ,,,PENDING_MANUAL_GENERATION,,triangle-strategy
89,MS16_X34_B0_1010_M_GST_0090.wav,MS16_X34_B0_1010_M_GST_0090,89,89,89,90,กุสตาดอล์ฟ,npc,male,gustadolph,assets/triangle-strategy/approved_voice_references/gustadolph.wav,ข้าไม่ขออธิบายแล้วกัน,,,PENDING_MANUAL_GENERATION,,triangle-strategy
90,MS16_X34_B0_1010_M_GST_0100.wav,MS16_X34_B0_1010_M_GST_0100,90,90,90,91,กุสตาดอล์ฟ,npc,male,gustadolph,assets/triangle-strategy/approved_voice_references/gustadolph.wav,การต่อสู้ดิ้นรนด้วยตัวเองนั้น...มีความเป็นมนุษย์มากกว่าการยอมอุทิศตนต่อเทพธิดา,,,PENDING_MANUAL_GENERATION,,triangle-strategy
91,MS16_X34_B0_1010_M_GST_0110.wav,MS16_X34_B0_1010_M_GST_0110,91,91,91,92,กุสตาดอล์ฟ,npc,male,gustadolph,assets/triangle-strategy/approved_voice_references/gustadolph.wav,มนุษย์ทุกคนสมควรค้นพบพลังของตน และใช้มันเพื่อแย่งชิงในสิ่งที่ตนสมควรได้รับ,,,PENDING_MANUAL_GENERATION,,triangle-strategy
92,MS16_X34_B0_1010_M_GST_0120.wav,MS16_X34_B0_1010_M_GST_0120,92,92,92,93,กุสตาดอล์ฟ,npc,male,gustadolph,assets/triangle-strategy/approved_voice_references/gustadolph.wav,เหมือนกับที่ท่านอากำลังท้าทายข้าในตอนนี้,,,PENDING_MANUAL_GENERATION,,triangle-strategy
93,MS16_X34_B0_1010_M_GST_0130.wav,MS16_X34_B0_1010_M_GST_0130,93,93,93,94,กุสตาดอล์ฟ,npc,male,gustadolph,assets/triangle-strategy/approved_voice_references/gustadolph.wav,ข้ารู้เรื่องนี้ตั้งแต่ตอนที่ข้าอ่านหนังสือโบราณในหอสมุด,,,PENDING_MANUAL_GENERATION,,triangle-strategy
94,MS16_X34_B0_1010_M_GST_0140.wav,MS16_X34_B0_1010_M_GST_0140,94,94,94,95,กุสตาดอล์ฟ,npc,male,gustadolph,assets/triangle-strategy/approved_voice_references/gustadolph.wav,ความรู้อันเก่าแก่มิใช่สิ่งที่ควรละทิ้ง,,,PENDING_MANUAL_GENERATION,,triangle-strategy
95,MS16_X34_B0_1010_M_GST_0150.wav,MS16_X34_B0_1010_M_GST_0150,95,95,95,96,กุสตาดอล์ฟ,npc,male,gustadolph,assets/triangle-strategy/approved_voice_references/gustadolph.wav,ท่านน่าจะรู้ดีนะ ตอนที่ท่านสั่งให้ดราแกนศึกษาตำราที่นั่นเพื่อประดิษฐ์ระเบิดยังไงล่ะ,,,PENDING_MANUAL_GENERATION,,triangle-strategy
96,MS16_X34_B0_1010_M_GST_0160.wav,MS16_X34_B0_1010_M_GST_0160,96,96,96,97,กุสตาดอล์ฟ,npc,male,gustadolph,assets/triangle-strategy/approved_voice_references/gustadolph.wav,ท่านอากล่าวหาอะไรมิทราบ,,,PENDING_MANUAL_GENERATION,,triangle-strategy
97,MS16_X34_B0_1010_M_GST_0170.wav,MS16_X34_B0_1010_M_GST_0170,97,97,97,98,กุสตาดอล์ฟ,npc,male,gustadolph,assets/triangle-strategy/approved_voice_references/gustadolph.wav,หึ... ข้าชื่นชมจินตนาการล้ำเลิศของท่านเหลือเกิน แต่เสียดายที่มันไม่จริง,,,PENDING_MANUAL_GENERATION,,triangle-strategy
98,MS16_X34_B0_1010_M_GST_0180.wav,MS16_X34_B0_1010_M_GST_0180,98,98,98,99,กุสตาดอล์ฟ,npc,male,gustadolph,assets/triangle-strategy/approved_voice_references/gustadolph.wav,รู้ไหม ลูกของท่านเป็นคนที่มุ่งมั่นมากทีเดียว,,,PENDING_MANUAL_GENERATION,,triangle-strategy
99,MS16_X34_B0_1010_M_GST_0190.wav,MS16_X34_B0_1010_M_GST_0190,99,99,99,100,กุสตาดอล์ฟ,npc,male,gustadolph,assets/triangle-strategy/approved_voice_references/gustadolph.wav,ท่านรู้ดีว่าข้ากำลังสื่ออะไร... แน่นอนว่าดราแกนค้นพบคริสตัลเกลือเป็นคนแรก,,,PENDING_MANUAL_GENERATION,,triangle-strategy
100,MS16_X34_B0_1010_M_GST_0200.wav,MS16_X34_B0_1010_M_GST_0200,100,100,100,101,กุสตาดอล์ฟ,npc,male,gustadolph,assets/triangle-strategy/approved_voice_references/gustadolph.wav,แล้วท่านคิดว่าใครเป็นคนเอามาบอกข้าก่อนล่ะ?,,,PENDING_MANUAL_GENERATION,,triangle-strategy
101,MS16_X34_B0_1010_M_GST_0210.wav,MS16_X34_B0_1010_M_GST_0210,101,101,101,102,กุสตาดอล์ฟ,npc,male,gustadolph,assets/triangle-strategy/approved_voice_references/gustadolph.wav,เขาไม่ยอมส่งเกลือให้เรา หากข้าไม่แต่งตั้งให้ลูกของท่านเป็นนายกรัฐมนตรี,,,PENDING_MANUAL_GENERATION,,triangle-strategy
102,MS16_X34_B0_1010_M_GST_0220.wav,MS16_X34_B0_1010_M_GST_0220,102,102,102,103,กุสตาดอล์ฟ,npc,male,gustadolph,assets/triangle-strategy/approved_voice_references/gustadolph.wav,แต่ลูกชายท่านไม่ได้จบเพียงเท่านี้ ระหว่างนั้นเขาได้ทำการเจรจากับเกลนบรู๊ค,,,PENDING_MANUAL_GENERATION,,triangle-strategy
103,MS16_X34_B0_1010_M_GST_0230.wav,MS16_X34_B0_1010_M_GST_0230,103,103,103,104,กุสตาดอล์ฟ,npc,male,gustadolph,assets/triangle-strategy/approved_voice_references/gustadolph.wav,เขาแลกคริสตัลเกลือกับตำแหน่งขุนนาง และแสวงหาพรรคพวกจากอาณาจักรตัวเองและข้าศึก,,,PENDING_MANUAL_GENERATION,,triangle-strategy
104,MS16_X34_B0_1010_M_GST_0240.wav,MS16_X34_B0_1010_M_GST_0240,104,104,104,105,กุสตาดอล์ฟ,npc,male,gustadolph,assets/triangle-strategy/approved_voice_references/gustadolph.wav,ท่านโดนวูล์ฟฟอร์ตหลอกยังไม่พอ ท่านกลับเชื่อสนิทใจ...เพียงเพราะมันเป็นสิ่งที่ท่านต้องการจะเชื่อ,,,PENDING_MANUAL_GENERATION,,triangle-strategy
105,MS16_X34_B0_1010_M_GST_0250.wav,MS16_X34_B0_1010_M_GST_0250,105,105,105,106,กุสตาดอล์ฟ,npc,male,gustadolph,assets/triangle-strategy/approved_voice_references/gustadolph.wav,ข้าคิดว่าไม่น่ามีใครเข้าใจนิสัยของดราแกนเท่ากับท่านแล้วล่ะ,,,PENDING_MANUAL_GENERATION,,triangle-strategy
106,MS16_X34_B0_1010_M_GST_0260.wav,MS16_X34_B0_1010_M_GST_0260,106,106,106,107,กุสตาดอล์ฟ,npc,male,gustadolph,assets/triangle-strategy/approved_voice_references/gustadolph.wav,...ท่านอา เราไม่มีเวลาสำหรับปัญหาครอบครัวหรอกนะ,,,PENDING_MANUAL_GENERATION,,triangle-strategy
107,MS16_X34_B0_1010_M_GST_0270.wav,MS16_X34_B0_1010_M_GST_0270,107,107,107,108,กุสตาดอล์ฟ,npc,male,gustadolph,assets/triangle-strategy/approved_voice_references/gustadolph.wav,เกลนบรู๊คมันรู้เรื่องคริสตัลเกลือแล้ว อีกไม่ช้าไฮแซนต์ก็จะรู้เรื่องนี้เช่นกัน,,,PENDING_MANUAL_GENERATION,,triangle-strategy
108,MS16_X34_B0_1010_M_GST_0280.wav,MS16_X34_B0_1010_M_GST_0280,108,108,108,109,กุสตาดอล์ฟ,npc,male,gustadolph,assets/triangle-strategy/approved_voice_references/gustadolph.wav,เราต้องเตรียมพร้อมรับมือพวกมัน,,,PENDING_MANUAL_GENERATION,,triangle-strategy
109,MS16_X34_B0_1010_M_GST_0290.wav,MS16_X34_B0_1010_M_GST_0290,109,109,109,110,กุสตาดอล์ฟ,npc,male,gustadolph,assets/triangle-strategy/approved_voice_references/gustadolph.wav,ปืนใหญ่เสียงสังเวยใช้เวลาสร้างนานเกินไป ข้ามอบหมายให้ท่านเร่งกระบวนการสร้างให้เสร็จ,,,PENDING_MANUAL_GENERATION,,triangle-strategy
110,MS16_X34_B0_1010_M_GST_0300.wav,MS16_X34_B0_1010_M_GST_0300,110,110,110,111,กุสตาดอล์ฟ,npc,male,gustadolph,assets/triangle-strategy/approved_voice_references/gustadolph.wav,หลังจากนั้นข้าจะแต่งตั้งให้ท่านเป็นนายกรัฐมนตรี เพื่อสานฝันให้ลูกชายผู้ล่วงลับของท่านต่อไป,,,PENDING_MANUAL_GENERATION,,triangle-strategy
111,MS16_X34_B0_1010_M_GST_0310.wav,MS16_X34_B0_1010_M_GST_0310,111,111,111,112,กุสตาดอล์ฟ,npc,male,gustadolph,assets/triangle-strategy/approved_voice_references/gustadolph.wav,เราไม่มีเวลาแล้ว อีกไม่ช้าจะเกิดสงครามขึ้นอีกครั้ง,,,PENDING_MANUAL_GENERATION,,triangle-strategy
112,MS16_X34_B0_1010_M_GST_0320.wav,MS16_X34_B0_1010_M_GST_0320,112,112,112,113,กุสตาดอล์ฟ,npc,male,gustadolph,assets/triangle-strategy/approved_voice_references/gustadolph.wav,สงครามเพื่อยุติสงคราม... สงครามซึ่งผู้ชนะจะได้ครองนอร์เซเลียอย่างเกรียงไกร,,,PENDING_MANUAL_GENERATION,,triangle-strategy
113,MS16_X34_B0_1010_M_M341_0010.wav,MS16_X34_B0_1010_M_M341_0010,113,113,113,114,ชายชาวเมือง/ทหาร/ผู้ติดตาม,generic,male,MALE_ADULT_A,assets/triangle-strategy/approved_voice_references/MALE_ADULT_A.wav,เหมือนว่าตระกูลวูล์ฟฟอร์ตจะเข้ามาแทรกแซงขอรับ,,,PENDING_MANUAL_GENERATION,,triangle-strategy
114,MS16_X34_B0_1010_M_M341_0020.wav,MS16_X34_B0_1010_M_M341_0020,114,114,114,115,ชายชาวเมือง/ทหาร/ผู้ติดตาม,generic,male,MALE_ADULT_A,assets/triangle-strategy/approved_voice_references/MALE_ADULT_A.wav,ตอนนี้มีทหารเกลนบรู๊คควบคุมพื้นแน่นหนา จึงทำให้เราไม่สามารถยึดเหมืองกลับคืนมาได้ขอรับ,,,PENDING_MANUAL_GENERATION,,triangle-strategy
115,MS16_X34_B0_1010_M_M341_0030.wav,MS16_X34_B0_1010_M_M341_0030,115,115,115,116,ชายชาวเมือง/ทหาร/ผู้ติดตาม,generic,male,MALE_ADULT_A,assets/triangle-strategy/approved_voice_references/MALE_ADULT_A.wav,ขอรับ นายท่าน!,,,PENDING_MANUAL_GENERATION,,triangle-strategy
116,MS16_X34_B0_1010_M_SVR_0010.wav,MS16_X34_B0_1010_M_SVR_0010,116,116,116,117,สวาร็อค,npc,male,svarog,assets/triangle-strategy/approved_voice_references/svarog.wav,ข้าจะไม่อ้างว่าตนกำลังสร้างปืนใหญ่เสียงสังเวยอย่างลับๆก็แล้วกัน อยากลงโทษข้าเช่นไรก็ตามใจเจ้าเถอะ,,,PENDING_MANUAL_GENERATION,,triangle-strategy
117,MS16_X34_B0_1010_M_SVR_0020.wav,MS16_X34_B0_1010_M_SVR_0020,117,117,117,118,สวาร็อค,npc,male,svarog,assets/triangle-strategy/approved_voice_references/svarog.wav,...ถ้าคิดว่าตัวเองกล้าล่ะนะ,,,PENDING_MANUAL_GENERATION,,triangle-strategy
118,MS16_X34_B0_1010_M_SVR_0030.wav,MS16_X34_B0_1010_M_SVR_0030,118,118,118,119,สวาร็อค,npc,male,svarog,assets/triangle-strategy/approved_voice_references/svarog.wav,ข้ารู้แล้วว่าทหารขนอะไรออกมาจากเหมืองนอร์เซเลีย,,,PENDING_MANUAL_GENERATION,,triangle-strategy
119,MS16_X34_B0_1010_M_SVR_0040.wav,MS16_X34_B0_1010_M_SVR_0040,119,119,119,120,สวาร็อค,npc,male,svarog,assets/triangle-strategy/approved_voice_references/svarog.wav,เลิกปิดบังได้แล้ว กุสตาดอล์ฟ! สารภาพแผนของเจ้ามาซะ,,,PENDING_MANUAL_GENERATION,,triangle-strategy
120,MS16_X34_B0_1010_M_SVR_0050.wav,MS16_X34_B0_1010_M_SVR_0050,120,120,120,121,สวาร็อค,npc,male,svarog,assets/triangle-strategy/approved_voice_references/svarog.wav,"""อิสรภาพ"" ในที่นี้ หมายถึงผู้แข็งแกร่งที่บดขยี้คนอ่อนแอตามอำเภอใจหรือเปล่า?",,,PENDING_MANUAL_GENERATION,,triangle-strategy
121,MS16_X34_B0_1010_M_SVR_0060.wav,MS16_X34_B0_1010_M_SVR_0060,121,121,121,122,สวาร็อค,npc,male,svarog,assets/triangle-strategy/approved_voice_references/svarog.wav,เจ้ารู้เรื่องคริสตัลเกลือมานานแค่ไหนแล้ว,,,PENDING_MANUAL_GENERATION,,triangle-strategy
122,MS16_X34_B0_1010_M_SVR_0070.wav,MS16_X34_B0_1010_M_SVR_0070,122,122,122,123,สวาร็อค,npc,male,svarog,assets/triangle-strategy/approved_voice_references/svarog.wav,...เจ้าเป็นคนสั่งฆ่าเขา,,,PENDING_MANUAL_GENERATION,,triangle-strategy
123,MS16_X34_B0_1010_M_SVR_0080.wav,MS16_X34_B0_1010_M_SVR_0080,123,123,123,124,สวาร็อค,npc,male,svarog,assets/triangle-strategy/approved_voice_references/svarog.wav,ข้าได้ยินมาจากวูล์ฟฟอร์ตแล้ว พวกเขาอยู่ที่นั่นในตอนที่ลูกข้าสิ้นใจ,,,PENDING_MANUAL_GENERATION,,triangle-strategy
124,MS16_X34_B0_1010_M_SVR_0090.wav,MS16_X34_B0_1010_M_SVR_0090,124,124,124,125,สวาร็อค,npc,male,svarog,assets/triangle-strategy/approved_voice_references/svarog.wav,อย่ามาทำไขสือกุสตาดอล์ฟ ระวังมันจะเผยธาตุแท้,,,PENDING_MANUAL_GENERATION,,triangle-strategy
125,MS16_X34_B0_1010_M_SVR_0100.wav,MS16_X34_B0_1010_M_SVR_0100,125,125,125,126,สวาร็อค,npc,male,svarog,assets/triangle-strategy/approved_voice_references/svarog.wav,กล่าวหางั้นเหรอ!,,,PENDING_MANUAL_GENERATION,,triangle-strategy
126,MS16_X34_B0_1010_M_SVR_0110.wav,MS16_X34_B0_1010_M_SVR_0110,126,126,126,127,สวาร็อค,npc,male,svarog,assets/triangle-strategy/approved_voice_references/svarog.wav,ดราแกนเป็นคนดูแลเหมือง เขาก็ต้องพบคริสตัลเกลือก่อนอยู่แล้ว,,,PENDING_MANUAL_GENERATION,,triangle-strategy
127,MS16_X34_B0_1010_M_SVR_0120.wav,MS16_X34_B0_1010_M_SVR_0120,127,127,127,128,สวาร็อค,npc,male,svarog,assets/triangle-strategy/approved_voice_references/svarog.wav,แต่เจ้าสั่งฆ่าเขาเพราะความโลภล้วนๆ จะได้บอกว่าตัวเองเป็นผู้ค้นพบยังไงล่ะ!,,,PENDING_MANUAL_GENERATION,,triangle-strategy
128,MS16_X34_B0_1010_M_SVR_0130.wav,MS16_X34_B0_1010_M_SVR_0130,128,128,128,129,สวาร็อค,npc,male,svarog,assets/triangle-strategy/approved_voice_references/svarog.wav,แถมยังใช้การตายของเขาเป็นข้ออ้างเพื่อรุกรานเกลนบรู๊คอีก หรือไม่จริง?,,,PENDING_MANUAL_GENERATION,,triangle-strategy
129,MS16_X34_B0_1010_M_SVR_0140.wav,MS16_X34_B0_1010_M_SVR_0140,129,129,129,130,สวาร็อค,npc,male,svarog,assets/triangle-strategy/approved_voice_references/svarog.wav,หมายความว่าอะไร?,,,PENDING_MANUAL_GENERATION,,triangle-strategy
130,MS16_X34_B0_1010_M_SVR_0150.wav,MS16_X34_B0_1010_M_SVR_0150,130,130,130,131,สวาร็อค,npc,male,svarog,assets/triangle-strategy/approved_voice_references/svarog.wav,เหลวไหล! กล้าดียังไงมาใส่ร้ายลูกข้า!?,,,PENDING_MANUAL_GENERATION,,triangle-strategy
131,MS16_X34_B0_1010_M_SVR_0160.wav,MS16_X34_B0_1010_M_SVR_0160,131,131,131,132,สวาร็อค,npc,male,svarog,assets/triangle-strategy/approved_voice_references/svarog.wav,ชิ...,,,PENDING_MANUAL_GENERATION,,triangle-strategy
132,MS16_X34_B0_1010_M_SVR_0170.wav,MS16_X34_B0_1010_M_SVR_0170,132,132,132,133,สวาร็อค,npc,male,svarog,assets/triangle-strategy/approved_voice_references/svarog.wav,...แล้วจะให้ข้าทำอะไร?,,,PENDING_MANUAL_GENERATION,,triangle-strategy
133,MS16_X34_B0_1010_M_SVR_0180.wav,MS16_X34_B0_1010_M_SVR_0180,133,133,133,134,สวาร็อค,npc,male,svarog,assets/triangle-strategy/approved_voice_references/svarog.wav,...ก็ได้,,,PENDING_MANUAL_GENERATION,,triangle-strategy
134,MS16_X34_B0_2010_M_M277_0010.wav,MS16_X34_B0_2010_M_M277_0010,134,134,134,135,ชายชาวเมือง/ทหาร/ผู้ติดตาม,generic,male,MALE_ADULT_A,assets/triangle-strategy/approved_voice_references/MALE_ADULT_A.wav,ขอรับ พวกเราขนทรัพยากรได้เพียงเท่านี้,,,PENDING_MANUAL_GENERATION,,triangle-strategy
135,MS16_X34_B0_2010_M_M277_0020.wav,MS16_X34_B0_2010_M_M277_0020,135,135,135,136,ชายชาวเมือง/ทหาร/ผู้ติดตาม,generic,male,MALE_ADULT_A,assets/triangle-strategy/approved_voice_references/MALE_ADULT_A.wav,ส่วนทหารที่เหมืองของเราใกล้สำเร็จงานแล้วขอรับ,,,PENDING_MANUAL_GENERATION,,triangle-strategy
136,MS16_X34_B0_2010_M_M277_0030.wav,MS16_X34_B0_2010_M_M277_0030,136,136,136,137,ชายชาวเมือง/ทหาร/ผู้ติดตาม,generic,male,MALE_ADULT_A,assets/triangle-strategy/approved_voice_references/MALE_ADULT_A.wav,เราแค่ทำตามคำสั่งของอาร์ชดยุกเฉยๆขอรับ นายท่าน...,,,PENDING_MANUAL_GENERATION,,triangle-strategy
137,MS16_X34_B0_2010_M_M277_0040.wav,MS16_X34_B0_2010_M_M277_0040,137,137,137,138,ชายชาวเมือง/ทหาร/ผู้ติดตาม,generic,male,MALE_ADULT_A,assets/triangle-strategy/approved_voice_references/MALE_ADULT_A.wav,ขอบคุณมากขอรับนายท่าน แต่อาร์ชดยุกบอกให้เราเร่งมือ...,,,PENDING_MANUAL_GENERATION,,triangle-strategy
138,MS16_X34_B0_2010_M_M277_0050.wav,MS16_X34_B0_2010_M_M277_0050,138,138,138,139,ชายชาวเมือง/ทหาร/ผู้ติดตาม,generic,male,MALE_ADULT_A,assets/triangle-strategy/approved_voice_references/MALE_ADULT_A.wav,มะ-ไม่ใช่แบบนั้นขอรับนายท่าน,,,PENDING_MANUAL_GENERATION,,triangle-strategy
139,MS16_X34_B0_2010_M_M277_0060.wav,MS16_X34_B0_2010_M_M277_0060,139,139,139,140,ชายชาวเมือง/ทหาร/ผู้ติดตาม,generic,male,MALE_ADULT_A,assets/triangle-strategy/approved_voice_references/MALE_ADULT_A.wav,ข้า...ไม่ได้จะเสียมารยาทขอรับ! พวกเราปฏิเสธท่านไม่ลงอยู่แล้ว...,,,PENDING_MANUAL_GENERATION,,triangle-strategy
140,MS16_X34_B0_2010_M_MB011T01_0010.wav,MS16_X34_B0_2010_M_MB011T01_0010,140,140,140,141,ชายชาวเมือง/ทหาร/ผู้ติดตาม,generic,male,MALE_ADULT_B,assets/triangle-strategy/approved_voice_references/MALE_ADULT_B.wav,มากับข้า,,,PENDING_MANUAL_GENERATION,,triangle-strategy
141,MS16_X34_B0_2010_M_SVR_0010.wav,MS16_X34_B0_2010_M_SVR_0010,141,141,141,142,สวาร็อค,npc,male,svarog,assets/triangle-strategy/approved_voice_references/svarog.wav,หมดแล้วเหรอ?,,,PENDING_MANUAL_GENERATION,,triangle-strategy
142,MS16_X34_B0_2010_M_SVR_0020.wav,MS16_X34_B0_2010_M_SVR_0020,142,142,142,143,สวาร็อค,npc,male,svarog,assets/triangle-strategy/approved_voice_references/svarog.wav,ฮึ่ม ไม่เห็นมีใครบอกข้าเลยว่าเกิดอะไรขึ้น? พวกเจ้ากำลังขนอะไรอยู่ ข้ายังไม่รู้ด้วยซ้ำ,,,PENDING_MANUAL_GENERATION,,triangle-strategy
143,MS16_X34_B0_2010_M_SVR_0030.wav,MS16_X34_B0_2010_M_SVR_0030,143,143,143,144,สวาร็อค,npc,male,svarog,assets/triangle-strategy/approved_voice_references/svarog.wav,เออรู้แล้ว เลิกงอแงซะ,,,PENDING_MANUAL_GENERATION,,triangle-strategy
144,MS16_X34_B0_2010_M_SVR_0040.wav,MS16_X34_B0_2010_M_SVR_0040,144,144,144,145,สวาร็อค,npc,male,svarog,assets/triangle-strategy/approved_voice_references/svarog.wav,เจ้าคงรู้แล้วว่าอาร์จดยุกเรียกตัวข้าไปยังไอรอนสโตน นี่คงเป็นครั้งสุดท้ายที่ข้าได้รับใช้ปราการแห่งนี้,,,PENDING_MANUAL_GENERATION,,triangle-strategy
145,MS16_X34_B0_2010_M_SVR_0050.wav,MS16_X34_B0_2010_M_SVR_0050,145,145,145,146,สวาร็อค,npc,male,svarog,assets/triangle-strategy/approved_voice_references/svarog.wav,ซึ่งข้าอยากแสดงถึงความซาบซึ้งที่ข้ามีต่อพวกเจ้าทุกคน... พอจะมีเวลาสักหน่อยไหม?,,,PENDING_MANUAL_GENERATION,,triangle-strategy
146,MS16_X34_B0_2010_M_SVR_0060.wav,MS16_X34_B0_2010_M_SVR_0060,146,146,146,147,สวาร็อค,npc,male,svarog,assets/triangle-strategy/approved_voice_references/svarog.wav,แล้วเขาสั่งให้เจ้าเสียมารยาทกับอาแท้ๆของเขาด้วยเหรอ?,,,PENDING_MANUAL_GENERATION,,triangle-strategy
147,MS16_X34_B0_2010_M_SVR_0070.wav,MS16_X34_B0_2010_M_SVR_0070,147,147,147,148,สวาร็อค,npc,male,svarog,assets/triangle-strategy/approved_voice_references/svarog.wav,สินค้าพวกนั้นคือแร่เหล็กทั้งหมดจริงเหรอ?,,,PENDING_MANUAL_GENERATION,,triangle-strategy
148,MS16_X34_B0_2010_M_SVR_0080.wav,MS16_X34_B0_2010_M_SVR_0080,148,148,148,149,สวาร็อค,npc,male,svarog,assets/triangle-strategy/approved_voice_references/svarog.wav,สงสัยข้าต้องดูด้วยตาตัวเองแล้ว,,,PENDING_MANUAL_GENERATION,,triangle-strategy
149,MS16_X34_BATTLE_01_AFTER_M_BND_0010.wav,MS16_X34_BATTLE_01_AFTER_M_BND_0010,149,149,149,150,Benedict,main,male,benedict,assets/triangle-strategy/approved_voice_references/benedict.wav,ทำไมเอสฟรอสต์ต้องระเบิดทำลายเหมืองที่ตัวเองคุ้มกันด้วยนะ?,,,PENDING_MANUAL_GENERATION,,triangle-strategy
150,MS16_X34_BATTLE_01_AFTER_M_BND_0020.wav,MS16_X34_BATTLE_01_AFTER_M_BND_0020,150,150,150,151,Benedict,main,male,benedict,assets/triangle-strategy/approved_voice_references/benedict.wav,ช่างไร้เหตุผลเสียจริง,,,PENDING_MANUAL_GENERATION,,triangle-strategy
151,MS16_X34_BATTLE_01_AFTER_M_RLN_0010.wav,MS16_X34_BATTLE_01_AFTER_M_RLN_0010,151,151,151,152,Roland,main,male,roland,assets/triangle-strategy/approved_voice_references/roland.wav,เอสฟรอสต์มันไม่มีเหตุผลอยู่แล้ว แต่หากมันดิ้นรนขนาดนี้ แสดงว่าพวกมันซ่อนบางสิ่งที่ไม่ต้องการให้เราพบ,,,PENDING_MANUAL_GENERATION,,triangle-strategy
152,MS16_X34_BATTLE_01_AFTER_M_RLN_0020.wav,MS16_X34_BATTLE_01_AFTER_M_RLN_0020,152,152,152,153,Roland,main,male,roland,assets/triangle-strategy/approved_voice_references/roland.wav,มีความลับรอเราอยู่ที่ปลายทาง,,,PENDING_MANUAL_GENERATION,,triangle-strategy
153,MS16_X34_BATTLE_01_AFTER_M_SEL_0010.wav,MS16_X34_BATTLE_01_AFTER_M_SEL_0010,153,153,153,154,Serenoa,main,male,serenoa,assets/triangle-strategy/approved_voice_references/serenoa.wav,เกือบไปแล้ว นี่พวกมันกะจะขังตัวเองไว้กับพวกเราในเหมืองงั้นเหรอ...,,,PENDING_MANUAL_GENERATION,,triangle-strategy
154,MS16_X34_BATTLE_01_AFTER_M_SEL_0030.wav,MS16_X34_BATTLE_01_AFTER_M_SEL_0030,154,154,154,155,Serenoa,main,male,serenoa,assets/triangle-strategy/approved_voice_references/serenoa.wav,ไปกันเถอะ,,,PENDING_MANUAL_GENERATION,,triangle-strategy
155,MS16_X34_BATTLE_01_BEFORE_F_TRI_0010.wav,MS16_X34_BATTLE_01_BEFORE_F_TRI_0010,155,155,155,156,Trish,npc,female,trish,assets/triangle-strategy/approved_voice_references/trish.wav,ทำแบบนี้ไม่กลัวพ่อแม่เสียใจบ้างเหรอ?,,,PENDING_MANUAL_GENERATION,,triangle-strategy
156,MS16_X34_BATTLE_01_BEFORE_F_TRI_0020.wav,MS16_X34_BATTLE_01_BEFORE_F_TRI_0020,156,156,156,157,Trish,npc,female,trish,assets/triangle-strategy/approved_voice_references/trish.wav,นายท่านเจ้าคะ ข้าขอกระทืบสักหน่อย...เผื่อสมองพวกมันจะคิดอะไรได้บ้าง!,,,PENDING_MANUAL_GENERATION,,triangle-strategy
157,MS16_X34_BATTLE_01_BEFORE_M_M338_0010.wav,MS16_X34_BATTLE_01_BEFORE_M_M338_0010,157,157,157,158,ชายชาวเมือง/ทหาร/ผู้ติดตาม,generic,male,MALE_ADULT_C,assets/triangle-strategy/approved_voice_references/MALE_ADULT_C.wav,อย่าปล่อยให้พวกมันฝ่าอุโมงค์เข้าไปได้ ฆ่าพวกมันซะ!,,,PENDING_MANUAL_GENERATION,,triangle-strategy
158,MS16_X34_BATTLE_01_BEFORE_M_M338_0020.wav,MS16_X34_BATTLE_01_BEFORE_M_M338_0020,158,158,158,159,ชายชาวเมือง/ทหาร/ผู้ติดตาม,generic,male,MALE_ADULT_C,assets/triangle-strategy/approved_voice_references/MALE_ADULT_C.wav,คิดว่าข้าไม่รู้เหรอ? ศึกครั้งนี้ไม่ง่ายแน่...,,,PENDING_MANUAL_GENERATION,,triangle-strategy
159,MS16_X34_BATTLE_01_BEFORE_M_M338_0030.wav,MS16_X34_BATTLE_01_BEFORE_M_M338_0030,159,159,159,160,ชายชาวเมือง/ทหาร/ผู้ติดตาม,generic,male,MALE_ADULT_C,assets/triangle-strategy/approved_voice_references/MALE_ADULT_C.wav,ชัยชนะครั้งนี้อาจต้องแลกด้วยชีวิตจำนวนมาก แต่หากเรากล้าใช้ระเบิดล่ะก็... รับรองว่าลากวูล์ฟฟอร์ตให้ไปตายกับเราได้แน่!,,,PENDING_MANUAL_GENERATION,,triangle-strategy
160,MS16_X34_BATTLE_01_BEFORE_M_M338_0040.wav,MS16_X34_BATTLE_01_BEFORE_M_M338_0040,160,160,160,161,ชายชาวเมือง/ทหาร/ผู้ติดตาม,generic,male,MALE_ADULT_C,assets/triangle-strategy/approved_voice_references/MALE_ADULT_C.wav,เพื่อเอสฟรอสต์! กำจัดทรราชไฮแซนต์!,,,PENDING_MANUAL_GENERATION,,triangle-strategy
161,MS16_X34_BATTLE_01_BEFORE_M_M338_0050.wav,MS16_X34_BATTLE_01_BEFORE_M_M338_0050,161,161,161,162,ชายชาวเมือง/ทหาร/ผู้ติดตาม,generic,male,MALE_ADULT_C,assets/triangle-strategy/approved_voice_references/MALE_ADULT_C.wav,ปิดกั้นทางเข้าเหมืองซะ! ทหาร! เตรียมพร้อม!,,,PENDING_MANUAL_GENERATION,,triangle-strategy
162,MS16_X34_BATTLE_01_BEFORE_M_M339_0010.wav,MS16_X34_BATTLE_01_BEFORE_M_M339_0010,162,162,162,163,ชายชาวเมือง/ทหาร/ผู้ติดตาม,generic,male,MALE_YOUNG_A,assets/triangle-strategy/approved_voice_references/MALE_YOUNG_A.wav,ท่านผู้บัญชาการ เรากำลังสู้กับตระกูลวูล์ฟฟอร์ตนะขอรับ...,,,PENDING_MANUAL_GENERATION,,triangle-strategy
163,MS16_X34_BATTLE_01_BEFORE_M_RLN_0010.wav,MS16_X34_BATTLE_01_BEFORE_M_RLN_0010,163,163,163,164,Roland,main,male,roland,assets/triangle-strategy/approved_voice_references/roland.wav,เฮ้ย อย่าบอกนะว่า-,,,PENDING_MANUAL_GENERATION,,triangle-strategy
164,MS16_X34_BATTLE_01_BEFORE_M_SEL_0010.wav,MS16_X34_BATTLE_01_BEFORE_M_SEL_0010,164,164,164,165,Serenoa,main,male,serenoa,assets/triangle-strategy/approved_voice_references/serenoa.wav,พวกมันต้องการปิดทางเข้าสินะ!,,,PENDING_MANUAL_GENERATION,,triangle-strategy
165,MS16_X34_BATTLE_01_BEFORE_M_SEL_0020.wav,MS16_X34_BATTLE_01_BEFORE_M_SEL_0020,165,165,165,166,Serenoa,main,male,serenoa,assets/triangle-strategy/approved_voice_references/serenoa.wav,พวกมันจะสละชีวิต เพื่อระเบิดเหมืองจริงเหรอเนี่ย!?,,,PENDING_MANUAL_GENERATION,,triangle-strategy
166,MS16_X34_BATTLE_01_BEFORE_M_SEL_0030.wav,MS16_X34_BATTLE_01_BEFORE_M_SEL_0030,166,166,166,167,Serenoa,main,male,serenoa,assets/triangle-strategy/approved_voice_references/serenoa.wav,ขอบคุณที่ช่วยนะ ทราวิส,,,PENDING_MANUAL_GENERATION,,triangle-strategy
167,MS16_X34_BATTLE_01_BEFORE_M_SEL_0040.wav,MS16_X34_BATTLE_01_BEFORE_M_SEL_0040,167,167,167,168,Serenoa,main,male,serenoa,assets/triangle-strategy/approved_voice_references/serenoa.wav,เอาเลยทริช,,,PENDING_MANUAL_GENERATION,,triangle-strategy
168,MS16_X34_BATTLE_01_BEFORE_M_TRA_0010.wav,MS16_X34_BATTLE_01_BEFORE_M_TRA_0010,168,168,168,169,Travis,npc,male,travis,assets/triangle-strategy/approved_voice_references/travis.wav,ไอ้พวกเสียสติ... จะหนีก็คงไม่ได้ซะด้วย,,,PENDING_MANUAL_GENERATION,,triangle-strategy
169,MS16_X34_BATTLE_01_BEFORE_M_TRA_0020.wav,MS16_X34_BATTLE_01_BEFORE_M_TRA_0020,169,169,169,170,Travis,npc,male,travis,assets/triangle-strategy/approved_voice_references/travis.wav,ลอร์ดวูล์ฟฟอร์ต ข้าจะแสดงให้ท่านเห็นเองว่าข้าแข็งแกร่งได้แค่ไหน,,,PENDING_MANUAL_GENERATION,,triangle-strategy
170,MS16_X34_BATTLE_01_BEFORE_N_M409_0010.wav,MS16_X34_BATTLE_01_BEFORE_N_M409_0010,170,170,170,171,ชายชาวเมือง/ทหาร/ผู้ติดตาม,generic,male,MALE_ADULT_B,assets/triangle-strategy/approved_voice_references/MALE_ADULT_B.wav,ขอรับ!,,,PENDING_MANUAL_GENERATION,,triangle-strategy
171,MS16_X34_BATTLE_01_DRAMA_F_ANA_0010.wav,MS16_X34_BATTLE_01_DRAMA_F_ANA_0010,171,171,171,172,Anna,main,female,anna,assets/triangle-strategy/approved_voice_references/anna.wav,ตอนนี้เจ้าไม่ใช่โจรแล้วนะ หากเจ้าทำให้วูล์ฟฟอร์ตต้องเสียชื่อเสียงล่ะก็-,,,PENDING_MANUAL_GENERATION,,triangle-strategy
172,MS16_X34_BATTLE_01_DRAMA_F_TRI_0010.wav,MS16_X34_BATTLE_01_DRAMA_F_TRI_0010,172,172,172,173,Trish,npc,female,trish,assets/triangle-strategy/approved_voice_references/trish.wav,ไอ้สารเลวพวกนี้คิดจะลากเราไปตายด้วยกันงั้นเหรอ? โทษนะน้อง ชีวิตข้ามีอะไรให้ทำตั้งเยอะแยะ จะให้มาตายเพราะระเบิดก็ใช่เรื่อง!,,,PENDING_MANUAL_GENERATION,,triangle-strategy
173,MS16_X34_BATTLE_01_DRAMA_F_TRI_0020.wav,MS16_X34_BATTLE_01_DRAMA_F_TRI_0020,173,173,173,174,Trish,npc,female,trish,assets/triangle-strategy/approved_voice_references/trish.wav,หึหึ ทหารจนตรอกนี่ยิงง่ายเหมือนจับวางเสียเหลือเกิน,,,PENDING_MANUAL_GENERATION,,triangle-strategy
174,MS16_X34_BATTLE_01_DRAMA_F_TRI_0030.wav,MS16_X34_BATTLE_01_DRAMA_F_TRI_0030,174,174,174,175,Trish,npc,female,trish,assets/triangle-strategy/approved_voice_references/trish.wav,นี่ คิดว่าข้าเป็นโจรกระจอกหรือไงกัน? ข้ายิงไม่เคยพลาดย่ะ,,,PENDING_MANUAL_GENERATION,,triangle-strategy
175,MS16_X34_BATTLE_01_DRAMA_F_TRI_0040.wav,MS16_X34_BATTLE_01_DRAMA_F_TRI_0040,175,175,175,176,Trish,npc,female,trish,assets/triangle-strategy/approved_voice_references/trish.wav,กล้าระเบิดพลีชีพขนาดนี้ สงสัยเสียสติไปแล้วแน่เลย!,,,PENDING_MANUAL_GENERATION,,triangle-strategy
176,MS16_X34_BATTLE_01_DRAMA_F_TRI_0070.wav,MS16_X34_BATTLE_01_DRAMA_F_TRI_0070,176,176,176,177,Trish,npc,female,trish,assets/triangle-strategy/approved_voice_references/trish.wav,เวร... นึกว่าข้าจะเก่งกว่านี้เสียอีก...,,,PENDING_MANUAL_GENERATION,,triangle-strategy
177,MS16_X34_BATTLE_01_DRAMA_M_BND_0010.wav,MS16_X34_BATTLE_01_DRAMA_M_BND_0010,177,177,177,178,Benedict,main,male,benedict,assets/triangle-strategy/approved_voice_references/benedict.wav,จะทำอะไรก็คิดให้ดีๆก่อน อย่าทำให้วูล์ฟฟอร์ตต้องเสียชื่อเสียง,,,PENDING_MANUAL_GENERATION,,triangle-strategy
178,MS16_X34_BATTLE_01_DRAMA_M_MS16X34B01M01_0010.wav,MS16_X34_BATTLE_01_DRAMA_M_MS16X34B01M01_0010,178,178,178,179,ชายชาวเมือง/ทหาร/ผู้ติดตาม,generic,male,MALE_ADULT_C,assets/triangle-strategy/approved_voice_references/MALE_ADULT_C.wav,แม้จะต้องสละชีพเพื่อทำลายศัตรูข้าก็ไม่สน! จุดระเบิดเดี๋ยวนี้...ปล่อยพวกมันเน่าตายไปกับแร่เหล็กให้หมด!,,,PENDING_MANUAL_GENERATION,,triangle-strategy
179,MS16_X34_BATTLE_01_DRAMA_M_MS16X34B01M01_0020.wav,MS16_X34_BATTLE_01_DRAMA_M_MS16X34B01M01_0020,179,179,179,180,ชายชาวเมือง/ทหาร/ผู้ติดตาม,generic,male,MALE_ADULT_C,assets/triangle-strategy/approved_voice_references/MALE_ADULT_C.wav,เพื่อราชรัฐ! เพื่อคนรักที่รอคอยชัยชนะของเรา! ไม่ว่ายังไงเราจะต้องคว้าชัยกลับมาให้ได้!,,,PENDING_MANUAL_GENERATION,,triangle-strategy
180,MS16_X34_BATTLE_01_DRAMA_M_MS16X34B01M02_0010.wav,MS16_X34_BATTLE_01_DRAMA_M_MS16X34B01M02_0010,180,180,180,181,ชายชาวเมือง/ทหาร/ผู้ติดตาม,generic,male,MALE_YOUNG_A,assets/triangle-strategy/approved_voice_references/MALE_YOUNG_A.wav,ทหาร! ไม่ว่ายังไง เราก็จะระเบิดเหมืองทิ้งซะ!,,,PENDING_MANUAL_GENERATION,,triangle-strategy
181,MS16_X34_BATTLE_01_DRAMA_M_MS16X34B01M02_0020.wav,MS16_X34_BATTLE_01_DRAMA_M_MS16X34B01M02_0020,181,181,181,182,ชายชาวเมือง/ทหาร/ผู้ติดตาม,generic,male,MALE_YOUNG_A,assets/triangle-strategy/approved_voice_references/MALE_YOUNG_A.wav,เดินหน้าต่อไป! พังอุโมงค์ปิดปากเหมืองให้จงได้!,,,PENDING_MANUAL_GENERATION,,triangle-strategy
182,MS16_X34_BATTLE_01_DRAMA_M_MS16X34B01M02_0030.wav,MS16_X34_BATTLE_01_DRAMA_M_MS16X34B01M02_0030,182,182,182,183,ชายชาวเมือง/ทหาร/ผู้ติดตาม,generic,male,MALE_YOUNG_A,assets/triangle-strategy/approved_voice_references/MALE_YOUNG_A.wav,ไอ้สารเลววูล์ฟฟอร์ต! หากปิดผนึกเหมืองไม่ได้ พวกเราไม่มีที่ซุกหัวนอนแน่!,,,PENDING_MANUAL_GENERATION,,triangle-strategy
183,MS16_X34_BATTLE_01_DRAMA_M_SEL_0010.wav,MS16_X34_BATTLE_01_DRAMA_M_SEL_0010,183,183,183,184,Serenoa,main,male,serenoa,assets/triangle-strategy/approved_voice_references/serenoa.wav,จริงจังกันหน่อยนะทุกคน...พวกมันพร้อมพลีชีพสังหารพวกเรา หากพวกมันจุดระเบิดสำเร็จมีหวังจบเห่แน่,,,PENDING_MANUAL_GENERATION,,triangle-strategy
184,MS16_X34_BATTLE_01_DRAMA_M_SEL_0020.wav,MS16_X34_BATTLE_01_DRAMA_M_SEL_0020,184,184,184,185,Serenoa,main,male,serenoa,assets/triangle-strategy/approved_voice_references/serenoa.wav,มากันอีกแล้ว... ระวังตัวด้วยสหายข้า!,,,PENDING_MANUAL_GENERATION,,triangle-strategy
185,MS16_X34_BATTLE_01_DRAMA_M_SEL_0030.wav,MS16_X34_BATTLE_01_DRAMA_M_SEL_0030,185,185,185,186,Serenoa,main,male,serenoa,assets/triangle-strategy/approved_voice_references/serenoa.wav,เวรแล้ว! เราต้องเร่งมือก่อนที่ระเบิดจะทำงานนะ!,,,PENDING_MANUAL_GENERATION,,triangle-strategy
186,MS16_X34_BATTLE_01_DRAMA_M_SEL_0040.wav,MS16_X34_BATTLE_01_DRAMA_M_SEL_0040,186,186,186,187,Serenoa,main,male,serenoa,assets/triangle-strategy/approved_voice_references/serenoa.wav,ระเบิดใกล้ทำงานแล้ว! เร็วเข้า! รีบจัดการซะ!,,,PENDING_MANUAL_GENERATION,,triangle-strategy
187,MS16_X34_BATTLE_01_DRAMA_M_SEL_0045.wav,MS16_X34_BATTLE_01_DRAMA_M_SEL_0045,187,187,187,188,Serenoa,main,male,serenoa,assets/triangle-strategy/approved_voice_references/serenoa.wav,จัดการทหารเอสฟรอสต์เรียบร้อยแล้ว,,,PENDING_MANUAL_GENERATION,,triangle-strategy
188,MS16_X34_BATTLE_01_DRAMA_M_SEL_0050.wav,MS16_X34_BATTLE_01_DRAMA_M_SEL_0050,188,188,188,189,Serenoa,main,male,serenoa,assets/triangle-strategy/approved_voice_references/serenoa.wav,เหมืองนี้เป็นของเราแล้ว เอสฟรอสต์มีความลับอะไรถึงต้องปิดบังเราขนาดนี้นะ?,,,PENDING_MANUAL_GENERATION,,triangle-strategy
189,MS16_X34_BATTLE_01_DRAMA_M_SEL_0080.wav,MS16_X34_BATTLE_01_DRAMA_M_SEL_0080,189,189,189,190,Serenoa,main,male,serenoa,assets/triangle-strategy/approved_voice_references/serenoa.wav,กำลังเสริม! เราต้องหยุดพวกมันก่อนที่จะจุดระเบิดสำเร็จ!,,,PENDING_MANUAL_GENERATION,,triangle-strategy
190,MS16_X34_BATTLE_01_DRAMA_M_TRA_0010.wav,MS16_X34_BATTLE_01_DRAMA_M_TRA_0010,190,190,190,191,Travis,npc,male,travis,assets/triangle-strategy/approved_voice_references/travis.wav,ชิ น่าเสียใจเหลือเกินที่พวกมันเอาชีวิตมาทิ้งอย่างง่ายดายเช่นนี้ หากพ่อแม่เตือนสติพวกมันไม่ได้ก็คงเป็นหน้าที่ของเราแล้วล่ะ,,,PENDING_MANUAL_GENERATION,,triangle-strategy
191,MS16_X34_BATTLE_01_DRAMA_M_TRA_0020.wav,MS16_X34_BATTLE_01_DRAMA_M_TRA_0020,191,191,191,192,Travis,npc,male,travis,assets/triangle-strategy/approved_voice_references/travis.wav,"สถานการณ์แบบนี้ข้าขออาศัย ""จังหวะชุลมุน"" สักหน่อยนะ",,,PENDING_MANUAL_GENERATION,,triangle-strategy
192,MS16_X34_BATTLE_01_DRAMA_M_TRA_0030.wav,MS16_X34_BATTLE_01_DRAMA_M_TRA_0030,192,192,192,193,Travis,npc,male,travis,assets/triangle-strategy/approved_voice_references/travis.wav,คิดว่าข้าเป็นมือสมัครเล่นหรือไง? ข้ามือไวจนไม่มีใครจับได้เชียวล่ะ!,,,PENDING_MANUAL_GENERATION,,triangle-strategy
193,MS16_X34_BATTLE_01_DRAMA_M_TRA_0040.wav,MS16_X34_BATTLE_01_DRAMA_M_TRA_0040,193,193,193,194,Travis,npc,male,travis,assets/triangle-strategy/approved_voice_references/travis.wav,ฟู่ว! เกือบไปแล้วเชียว คิดบ้าอะไรของพวกมันวะ?,,,PENDING_MANUAL_GENERATION,,triangle-strategy
194,MS16_X34_BATTLE_01_DRAMA_M_TRA_0070.wav,MS16_X34_BATTLE_01_DRAMA_M_TRA_0070,194,194,194,195,Travis,npc,male,travis,assets/triangle-strategy/approved_voice_references/travis.wav,ขอโทษด้วยนะ... ข้าทำได้เท่านี้จริงๆ...,,,PENDING_MANUAL_GENERATION,,triangle-strategy
195,MS16_X34_C0_0010_F_LYL_0010.wav,MS16_X34_C0_0010_F_LYL_0010,195,195,195,196,Lyla,npc,female,lyla,assets/triangle-strategy/approved_voice_references/lyla.wav,ฝ่าบาทโรแลนด์เป็นคนรักษาสัญญาเจ้าค่ะ,,,PENDING_MANUAL_GENERATION,,triangle-strategy
196,MS16_X34_C0_0010_F_LYL_0020.wav,MS16_X34_C0_0010_F_LYL_0020,196,196,196,197,Lyla,npc,female,lyla,assets/triangle-strategy/approved_voice_references/lyla.wav,แล้วฝ่าบาทจะยอมเหรอเจ้าคะ,,,PENDING_MANUAL_GENERATION,,triangle-strategy
197,MS16_X34_C0_0010_M_EGS_0010.wav,MS16_X34_C0_0010_M_EGS_0010,197,197,197,198,Exharme,npc,male,exharme,assets/triangle-strategy/approved_voice_references/exharme.wav,เกลนบรู๊คยกเลิกการคว่ำบาตร แล้วซื้อขายกับพวกเราอีกครั้งจริงๆด้วยสินะ,,,PENDING_MANUAL_GENERATION,,triangle-strategy
198,MS16_X34_C0_0010_M_EGS_0020.wav,MS16_X34_C0_0010_M_EGS_0020,198,198,198,199,Exharme,npc,male,exharme,assets/triangle-strategy/approved_voice_references/exharme.wav,หากพวกเราไร้ซึ่งเอลฟริค ผลลัพธ์คงไม่ออกมาเป็นเช่นนี้หรอก,,,PENDING_MANUAL_GENERATION,,triangle-strategy
199,MS16_X34_C0_0010_M_EGS_0030.wav,MS16_X34_C0_0010_M_EGS_0030,199,199,199,200,Exharme,npc,male,exharme,assets/triangle-strategy/approved_voice_references/exharme.wav,แต่ก็ต้องชื่นชมรัฐมนตรีเซเรโนอาและตระกูลวูล์ฟฟอร์ต ที่ช่วยนำชัยมาให้เราในครั้งนี้,,,PENDING_MANUAL_GENERATION,,triangle-strategy
200,MS16_X34_C0_0010_M_EGS_0040.wav,MS16_X34_C0_0010_M_EGS_0040,200,200,200,201,Exharme,npc,male,exharme,assets/triangle-strategy/approved_voice_references/exharme.wav,ข้าพูดความจริงขอรับ รัฐมนตรีเซเรโนอาไม่ควรรับใช้เกลนบรู๊ค,,,PENDING_MANUAL_GENERATION,,triangle-strategy
201,MS16_X34_C0_0010_M_EGS_0050.wav,MS16_X34_C0_0010_M_EGS_0050,201,201,201,202,Exharme,npc,male,exharme,assets/triangle-strategy/approved_voice_references/exharme.wav,แสดงว่าท่านต้องการยึดครองเกลนบรู๊คเช่นกันสินะ รัฐมนตรีอีดอร์? ข้ากลับไม่รู้สึกแปลกใจเลยแฮะ,,,PENDING_MANUAL_GENERATION,,triangle-strategy
202,MS16_X34_C0_0010_M_IDO_0010.wav,MS16_X34_C0_0010_M_IDO_0010,202,202,202,203,อีดอร์,npc,male,idore,assets/triangle-strategy/approved_voice_references/idore.wav,อีกทั้งศึกในนครหลวงของเราครั้งนี้ พวกเราแทบไม่ได้รับความเสียหายอันใด หากเทียบกับเอสฟรอสต์ที่ถูกบดขยี้ไปจนสิ้น,,,PENDING_MANUAL_GENERATION,,triangle-strategy
203,MS16_X34_C0_0010_M_IDO_0020.wav,MS16_X34_C0_0010_M_IDO_0020,203,203,203,204,อีดอร์,npc,male,idore,assets/triangle-strategy/approved_voice_references/idore.wav,ช่างเป็นสิริมงคลแก่เราเหลือเกิน,,,PENDING_MANUAL_GENERATION,,triangle-strategy
204,MS16_X34_C0_0010_M_IDO_0030.wav,MS16_X34_C0_0010_M_IDO_0030,204,204,204,205,อีดอร์,npc,male,idore,assets/triangle-strategy/approved_voice_references/idore.wav,รัฐมนตรีเอกซ์เฮม! ช่างแปลกหูเหลือเกินที่ได้ยินท่านเอ่ยปากชมผู้อื่น,,,PENDING_MANUAL_GENERATION,,triangle-strategy
205,MS16_X34_C0_0010_M_IDO_0040.wav,MS16_X34_C0_0010_M_IDO_0040,205,205,205,206,อีดอร์,npc,male,idore,assets/triangle-strategy/approved_voice_references/idore.wav,ถูกต้อง เราจะควบคุมเขา เพราะพระองค์ทรงมีแผนการจะมอบให้ลอร์ดวูล์ฟฟอร์ต,,,PENDING_MANUAL_GENERATION,,triangle-strategy
206,MS16_X34_C0_0010_M_IDO_0050.wav,MS16_X34_C0_0010_M_IDO_0050,206,206,206,207,อีดอร์,npc,male,idore,assets/triangle-strategy/approved_voice_references/idore.wav,การทำให้เขารับใช้เรา จะทำให้เขตแดนของเขาตกอยู่ภายใต้การปกครองแห่งไฮแซนต์เช่นกัน,,,PENDING_MANUAL_GENERATION,,triangle-strategy
207,MS16_X34_C0_0010_M_IDO_0060.wav,MS16_X34_C0_0010_M_IDO_0060,207,207,207,208,อีดอร์,npc,male,idore,assets/triangle-strategy/approved_voice_references/idore.wav,เออ...จริงด้วย แต่ฝ่าบาทโรแลนด์ติดค้างพวกเราใหญ่หลวงเลยนะ...,,,PENDING_MANUAL_GENERATION,,triangle-strategy
208,MS16_X34_C0_0010_M_IDO_0070.wav,MS16_X34_C0_0010_M_IDO_0070,208,208,208,209,อีดอร์,npc,male,idore,assets/triangle-strategy/approved_voice_references/idore.wav,ซึ่งเราจะช่วยเขาสร้างเมือง เพื่อเพิ่มพูนหนี้ยิ่งขึ้นไปอีก,,,PENDING_MANUAL_GENERATION,,triangle-strategy
209,MS16_X34_C0_0010_M_IDO_0080.wav,MS16_X34_C0_0010_M_IDO_0080,209,209,209,210,อีดอร์,npc,male,idore,assets/triangle-strategy/approved_voice_references/idore.wav,เราจะใช้ความเผื่อแผ่ เพื่อทำให้เขาไม่กล้าตอบปฏิเสธ,,,PENDING_MANUAL_GENERATION,,triangle-strategy
210,MS16_X34_C0_0010_M_IDO_0090.wav,MS16_X34_C0_0010_M_IDO_0090,210,210,210,211,อีดอร์,npc,male,idore,assets/triangle-strategy/approved_voice_references/idore.wav,ข้าเพียงต้องการเผยแพร่คำสอนและพรแห่งเทพธิดาก็เท่านั้น,,,PENDING_MANUAL_GENERATION,,triangle-strategy
211,MS16_X34_C0_0010_M_IDO_0100.wav,MS16_X34_C0_0010_M_IDO_0100,211,211,211,212,อีดอร์,npc,male,idore,assets/triangle-strategy/approved_voice_references/idore.wav,สู่เกลนบรู๊ค รวมถึงเอสฟรอสต์... จนกว่านอร์เซเลียจะปกคลุมไปด้วยความคุ้มครองของนางทั้งแผ่นดิน,,,PENDING_MANUAL_GENERATION,,triangle-strategy
212,MS16_X34_C0_0010_M_IDO_0110.wav,MS16_X34_C0_0010_M_IDO_0110,212,212,212,213,อีดอร์,npc,male,idore,assets/triangle-strategy/approved_voice_references/idore.wav,นั่นคือพระประสงค์แห่งองค์เทพธิดา รวมถึงความต้องการของหัวหน้านักบวชเช่นกัน,,,PENDING_MANUAL_GENERATION,,triangle-strategy
213,MS16_X34_C0_0010_M_KNS_0010.wav,MS16_X34_C0_0010_M_KNS_0010,213,213,213,214,แคมเซลล์,npc,male,kamsell,assets/triangle-strategy/approved_voice_references/kamsell.wav,ข้าเห็นด้วย เพราะตอนนี้เขาเป็นผู้ศักดิ์สิทธิ์แล้ว,,,PENDING_MANUAL_GENERATION,,triangle-strategy
214,MS16_X34_RESEARCH_01_AFTER_F_FRE_0010.wav,MS16_X34_RESEARCH_01_AFTER_F_FRE_0010,214,214,214,215,Frederica,main,female,frederica,assets/triangle-strategy/approved_voice_references/frederica.wav,อืม ของอันตรายแบบนี้น่าจะเก็บให้เป็นที่เป็นทางสักหน่อยนะ...,,,PENDING_MANUAL_GENERATION,,triangle-strategy
215,MS16_X34_RESEARCH_01_AFTER_F_YRA_0010.wav,MS16_X34_RESEARCH_01_AFTER_F_YRA_0010,215,215,215,216,Geela,main,female,geela,assets/triangle-strategy/approved_voice_references/geela.wav,หากพวกเขาจะใช้ระเบิดจริงๆ ทำไมไม่ติดตั้งที่ปลายอุโมงค์ซะล่ะ...?,,,PENDING_MANUAL_GENERATION,,triangle-strategy
216,MS16_X34_RESEARCH_01_AFTER_M_BND_0010.wav,MS16_X34_RESEARCH_01_AFTER_M_BND_0010,216,216,216,217,Benedict,main,male,benedict,assets/triangle-strategy/approved_voice_references/benedict.wav,ลอร์ดดราแกนประดิษฐ์สิ่งนี้ขึ้นมาเพื่อทำลายชั้นหินแข็งขอรับ,,,PENDING_MANUAL_GENERATION,,triangle-strategy
217,MS16_X34_RESEARCH_01_AFTER_M_BND_0020.wav,MS16_X34_RESEARCH_01_AFTER_M_BND_0020,217,217,217,218,Benedict,main,male,benedict,assets/triangle-strategy/approved_voice_references/benedict.wav,แม้จะไม่ทรงพลังเท่าเอลฟริค แต่มันสามารถจุดพร้อมกันได้ อีกทั้งยังง่ายต่อการติดตั้งขอรับ,,,PENDING_MANUAL_GENERATION,,triangle-strategy
218,MS16_X34_RESEARCH_01_AFTER_M_BND_0030.wav,MS16_X34_RESEARCH_01_AFTER_M_BND_0030,218,218,218,219,Benedict,main,male,benedict,assets/triangle-strategy/approved_voice_references/benedict.wav,หากระเบิดขึ้นมาจริงๆ ทั้งอุโมงค์ได้พังลงมาแน่,,,PENDING_MANUAL_GENERATION,,triangle-strategy
219,MS16_X34_RESEARCH_01_AFTER_M_ELA_0010.wav,MS16_X34_RESEARCH_01_AFTER_M_ELA_0010,219,219,219,220,Erador,main,male,erador,assets/triangle-strategy/approved_voice_references/erador.wav,เช่นนั้นข้าขอตัวไปเก็บระเบิดที่เหลือ เพื่อความปลอดภัยขอรับ,,,PENDING_MANUAL_GENERATION,,triangle-strategy
220,MS16_X34_RESEARCH_01_AFTER_M_M337_0010.wav,MS16_X34_RESEARCH_01_AFTER_M_M337_0010,220,220,220,221,ชายชาวเมือง/ทหาร/ผู้ติดตาม,generic,male,MALE_ADULT_B,assets/triangle-strategy/approved_voice_references/MALE_ADULT_B.wav,ผู้บุกรุก! เล่นงานพวกมันซะ!,,,PENDING_MANUAL_GENERATION,,triangle-strategy
221,MS16_X34_RESEARCH_01_AFTER_M_RLN_0010.wav,MS16_X34_RESEARCH_01_AFTER_M_RLN_0010,221,221,221,222,Roland,main,male,roland,assets/triangle-strategy/approved_voice_references/roland.wav,พวกมันถูกวางทอดยาวเกลื่อนเหมืองไปหมด,,,PENDING_MANUAL_GENERATION,,triangle-strategy
222,MS16_X34_RESEARCH_01_AFTER_M_SEL_0010.wav,MS16_X34_RESEARCH_01_AFTER_M_SEL_0010,222,222,222,223,Serenoa,main,male,serenoa,assets/triangle-strategy/approved_voice_references/serenoa.wav,เบเนดิกต์... ไอ้ก้อนกลมๆนี่ มันคือระเบิดใช่ไหม?,,,PENDING_MANUAL_GENERATION,,triangle-strategy
223,MS16_X34_RESEARCH_01_AFTER_M_SEL_0020.wav,MS16_X34_RESEARCH_01_AFTER_M_SEL_0020,223,223,223,224,Serenoa,main,male,serenoa,assets/triangle-strategy/approved_voice_references/serenoa.wav,ขอบคุณนะท่าน,,,PENDING_MANUAL_GENERATION,,triangle-strategy
224,MS16_X34_RESEARCH_01_AFTER_M_SEL_0025.wav,MS16_X34_RESEARCH_01_AFTER_M_SEL_0025,224,224,224,225,Serenoa,main,male,serenoa,assets/triangle-strategy/approved_voice_references/serenoa.wav,มีระเบิดในเหมืองไม่ใช่เรื่องแปลกหรอก แต่ทำไมถึงมาอยู่ตรงนี้ล่ะ,,,PENDING_MANUAL_GENERATION,,triangle-strategy
225,MS16_X34_RESEARCH_01_AFTER_M_SEL_0030.wav,MS16_X34_RESEARCH_01_AFTER_M_SEL_0030,225,225,225,226,Serenoa,main,male,serenoa,assets/triangle-strategy/approved_voice_references/serenoa.wav,แสดงว่าพวกมันตั้งใจวางระเบิดไว้น่ะสิ!,,,PENDING_MANUAL_GENERATION,,triangle-strategy
226,MS16_X34_RESEARCH_01_AFTER_M_SEL_0040.wav,MS16_X34_RESEARCH_01_AFTER_M_SEL_0040,226,226,226,227,Serenoa,main,male,serenoa,assets/triangle-strategy/approved_voice_references/serenoa.wav,ทหารเอสฟรอสต์!,,,PENDING_MANUAL_GENERATION,,triangle-strategy
227,MS16_X34_RESEARCH_01_BEFORE_F_FRE_0010.wav,MS16_X34_RESEARCH_01_BEFORE_F_FRE_0010,227,227,227,228,Frederica,main,female,frederica,assets/triangle-strategy/approved_voice_references/frederica.wav,เหมือนพวกเขาจะขุดเยอะกว่าครั้งก่อนที่เรามาที่นี่เสียอีกนะ หรือว่าอยู่ลึกข้างในงั้นเหรอ?,,,PENDING_MANUAL_GENERATION,,triangle-strategy
228,MS16_X34_RESEARCH_01_BEFORE_F_HEW_0010.wav,MS16_X34_RESEARCH_01_BEFORE_F_HEW_0010,228,228,228,229,Hughette,main,female,hughette,assets/triangle-strategy/approved_voice_references/hughette.wav,แปลกจัง ก่อนหน้านี้ที่ข้ามาลาดตระเวน มีทหารเยอะกว่านี้นะเจ้าคะ,,,PENDING_MANUAL_GENERATION,,triangle-strategy
229,MS16_X34_RESEARCH_01_BEFORE_M_BND_0010.wav,MS16_X34_RESEARCH_01_BEFORE_M_BND_0010,229,229,229,230,Benedict,main,male,benedict,assets/triangle-strategy/approved_voice_references/benedict.wav,ถูกต้อง ข้าศึกอาจดักซุ่มโจมตีเราจากมุมไหนก็ได้,,,PENDING_MANUAL_GENERATION,,triangle-strategy
230,MS16_X34_RESEARCH_01_BEFORE_M_BND_0020.wav,MS16_X34_RESEARCH_01_BEFORE_M_BND_0020,230,230,230,231,Benedict,main,male,benedict,assets/triangle-strategy/approved_voice_references/benedict.wav,ลอร์ดเซเรโนอา...ข้าคิดว่าเราควรสำรวจถ้ำโดยรอบให้คุ้นชิน ก่อนมุ่งหน้าเข้าสู่เหมืองลึกขอรับ,,,PENDING_MANUAL_GENERATION,,triangle-strategy
231,MS16_X34_RESEARCH_01_BEFORE_M_ELA_0010.wav,MS16_X34_RESEARCH_01_BEFORE_M_ELA_0010,231,231,231,232,Erador,main,male,erador,assets/triangle-strategy/approved_voice_references/erador.wav,อาจจะเป็นเช่นนั้นขอรับ แต่การคลำเส้นทางในเหมืองเขาวงกตเช่นนี้ไม่สนุกแน่,,,PENDING_MANUAL_GENERATION,,triangle-strategy
232,MS16_X34_RESEARCH_01_BEFORE_M_M336_0010.wav,MS16_X34_RESEARCH_01_BEFORE_M_M336_0010,232,232,232,233,ชายชาวเมือง/ทหาร/ผู้ติดตาม,generic,male,MALE_ADULT_A,assets/triangle-strategy/approved_voice_references/MALE_ADULT_A.wav,อ้าก!,,,PENDING_MANUAL_GENERATION,,triangle-strategy
233,MS16_X34_RESEARCH_01_BEFORE_M_RLN_0010.wav,MS16_X34_RESEARCH_01_BEFORE_M_RLN_0010,233,233,233,234,Roland,main,male,roland,assets/triangle-strategy/approved_voice_references/roland.wav,มีแค่พวกนี้งั้นเหรอ?,,,PENDING_MANUAL_GENERATION,,triangle-strategy
234,MS16_X34_RESEARCH_01_BEFORE_M_SEL_0010.wav,MS16_X34_RESEARCH_01_BEFORE_M_SEL_0010,234,234,234,235,Serenoa,main,male,serenoa,assets/triangle-strategy/approved_voice_references/serenoa.wav,เห็นด้วย ระหว่างสำรวจก็อย่าลืมลบร่องรอยตัวเองด้วยนะ,,,PENDING_MANUAL_GENERATION,,triangle-strategy
235,MS16_X34_WD_0010_N_NNN_0010.wav,MS16_X34_WD_0010_N_NNN_0010,235,235,235,236,Narrator,narrator,female,narrator,assets/triangle-strategy/approved_voice_references/narrator.wav,โรแลนด์และตระกูลวูล์ฟฟอร์ตกอบกู้เกลนบรู๊คได้สำเร็จ แต่พวกเขากลับพบปัญหาใหม่ซึ่งจะทำให้อาณาจักรถึงคราแตกหักอีกครั้ง...,,,PENDING_MANUAL_GENERATION,,triangle-strategy
236,MS16_X34_WD_0010_N_NNN_0020.wav,MS16_X34_WD_0010_N_NNN_0020,236,236,236,237,Narrator,narrator,female,narrator,assets/triangle-strategy/approved_voice_references/narrator.wav,ความลับแห่งสายเลือดของเซเรโนอาที่ถูกเปิดเผยเมื่อลอร์ดซีมอนจากไป,,,PENDING_MANUAL_GENERATION,,triangle-strategy
237,MS16_X34_WD_0010_N_NNN_0030.wav,MS16_X34_WD_0010_N_NNN_0030,237,237,237,238,Narrator,narrator,female,narrator,assets/triangle-strategy/approved_voice_references/narrator.wav,ในขณะที่กษัตริย์โรแลนด์ผู้ขึ้นครองราชย์ ไม่สามารถแยกแยะโลกที่วาดฝันกับความเป็นจริง...หลังจากที่ลงโทษเหล่าขุนนางไป,,,PENDING_MANUAL_GENERATION,,triangle-strategy
238,MS16_X34_WD_0010_N_NNN_0040.wav,MS16_X34_WD_0010_N_NNN_0040,238,238,238,239,Narrator,narrator,female,narrator,assets/triangle-strategy/approved_voice_references/narrator.wav,และสุดท้าย ความจริงแห่งชาวโรเซลล์และคริสตัลเกลือซึ่งถูกฝังไว้ใต้พิภพ ถูกเปิดเผยในหนังสือของแม่เฟรเดอริก้าผู้ล่วงลับ,,,PENDING_MANUAL_GENERATION,,triangle-strategy
239,MS16_X34_WD_0010_N_NNN_0050.wav,MS16_X34_WD_0010_N_NNN_0050,239,239,239,240,Narrator,narrator,female,narrator,assets/triangle-strategy/approved_voice_references/narrator.wav,และทั้งสามสิ่งนี้ เป็นเรื่องที่รับมือยาก,,,PENDING_MANUAL_GENERATION,,triangle-strategy
240,MS16_X34_WD_0010_N_NNN_0060.wav,MS16_X34_WD_0010_N_NNN_0060,240,240,240,241,Narrator,narrator,female,narrator,assets/triangle-strategy/approved_voice_references/narrator.wav,ในขณะที่พวกเขากำลังปรึกษาหารือกัน พวกเขาได้รับรายงานว่ามีทหารเอสฟรอสต์ผู้รอดชีวิตไปรวมตัวกันที่เหมืองนอร์เซเลีย,,,PENDING_MANUAL_GENERATION,,triangle-strategy
241,MS16_X34_WD_0010_N_NNN_0070.wav,MS16_X34_WD_0010_N_NNN_0070,241,241,241,242,Narrator,narrator,female,narrator,assets/triangle-strategy/approved_voice_references/narrator.wav,เซเรโนอาและผองเพื่อนจึงจำเป็นต้องละทิ้งทุกอย่าง เพื่อขับไล่ข้าศึกออกไปให้จงได้,,,PENDING_MANUAL_GENERATION,,triangle-strategy
