translation_id,english_text,count,thai_text
BT0001,Flee while you have the chance!,3,หนีไปซะ ตอนที่ยังมีโอกาส!
BT0002,I will crush you!,2,ข้าจะบดขยี้เจ้า!
BT0003,Face me if you dare.,2,กล้าก็มาสู้กับข้า
BT0004,Not bad.,6,ไม่เลว
BT0005,Stronger than you look.,3,เก่งกว่าที่เห็นนะ
BT0006,You will not get the best of me!,2,เจ้าไม่มีวันเอาชนะข้าได้!
BT0007,Insolent swine!,2,ไอ้หมูโอหัง!
BT0008,Take this!,16,รับนี่ไป!
BT0009,You were no match for me.,3,เจ้าเทียบข้าไม่ได้เลย
BT0010,This will hurt.,2,นี่ต้องเจ็บแน่
BT0011,Surrender!,2,ยอมแพ้ซะ!
BT0012,CURSES!,3,บ้าเอ๊ย!
BT0013,That could have gone better.,2,น่าจะทำได้ดีกว่านี้
BT0014,Too slow.,2,ช้าไป
BT0015,Weakling.,2,อ่อนหัด
BT0016,Good.,4,ดี
BT0017,Clever move.,2,ฉลาดดีนี่
BT0018,Perfect.,4,สมบูรณ์แบบ
BT0019,That will do.,2,เท่านี้ก็พอ
BT0020,I... lost?,3,ข้า...แพ้งั้นรึ?
BT0021,My turn.,5,ตาข้าแล้ว
BT0022,Do they have the upper hand?,1,พวกมันได้เปรียบอยู่หรือ?
BT0023,HRAH!,2,ฮึ่ย!
BT0024,Let me put you out of your misery.,1,ข้าจะช่วยให้เจ้าพ้นจากความทรมานเอง
BT0025,You left yourself open.,1,เจ้าประมาทแล้ว
BT0026,Fool.,2,โง่เขลา
BT0027,This is my chance.,1,นี่คือโอกาสของข้า
BT0028,Is that all you've got?,2,มีดีแค่นี้รึ?
BT0029,"Underestimate me, will you?",1,กล้าดูถูกข้างั้นรึ?
BT0030,That was careless.,1,ประมาทไปแล้ว
BT0031,Don't get cocky.,1,อย่าได้ใจนัก
BT0032,Leave the rest to me.,2,ที่เหลือฝากข้าเอง
BT0033,I leave it to you.,1,ฝากที่เหลือด้วย
BT0034,Use this.,3,ใช้นี่ซะ
BT0035,Must be prepared.,1,ต้องเตรียมพร้อมไว้
BT0036,My sword would like a word.,1,ดาบของข้ามีเรื่องจะคุยกับเจ้า
BT0037,"If you value your life, move.",1,ถ้ายังรักชีวิต ก็หลีกไป
BT0038,Uninvited guests!,1,แขกไม่ได้รับเชิญ!
BT0039,Do not expect mercy!,1,อย่าหวังความเมตตา!
BT0040,Misfortune has brought you to me.,1,โชคร้ายพาเจ้ามาเจอข้า
BT0041,You will die by my hand.,1,เจ้าจะตายด้วยมือข้า
BT0042,I do not leave survivors.,1,ข้าไม่ปล่อยผู้รอดชีวิต
BT0043,I'll cut you all down!,1,ข้าจะฟันพวกเจ้าให้หมด!
BT0044,You'll be nothing but a bloodstain upon my blade.,1,เจ้าจะเหลือเพียงคราบเลือดบนคมดาบข้า
BT0045,HRAAAA!,1,ย๊ากก!
BT0046,"If I must destroy myself, so be it.",1,หากต้องทำลายตนเอง ก็ช่างมัน
BT0047,I am finished.,1,ข้าจบสิ้นแล้ว
BT0048,There is no end to what I can learn.,1,ยังมีอีกมากให้ข้าเรียนรู้
BT0049,I've got it!,1,เข้าใจแล้ว!
BT0050,I must become stronger!,1,ข้าต้องแข็งแกร่งขึ้น!
BT0051,This was bound to happen.,1,เรื่องนี้ต้องเกิดขึ้นอยู่แล้ว
BT0052,Understood.,8,เข้าใจแล้ว
BT0053,Very well.,2,ได้
BT0054,I'll get there one day.,1,สักวันข้าจะไปถึง
BT0055,We've far yet to go together.,1,หนทางของเรายังอีกไกล
BT0056,Your orders?,1,มีคำสั่งอะไร?
BT0057,Time to work.,1,ได้เวลาทำงาน
BT0058,I will end this.,2,ข้าจะจบเรื่องนี้
BT0059,I was prepared for this.,1,ข้าเตรียมใจไว้แล้ว
BT0060,I can still move.,1,ข้ายังขยับได้
BT0061,We must tread carefully.,1,เราต้องระวังให้มาก
BT0062,I need a healer.,1,ข้าต้องการผู้รักษา
BT0063,Sigh. Sigh. Sigh. Sigh. Sigh. Sigh. Sigh. Sigh. Sigh. Sigh. Sigh. Sigh. Sigh. Sigh. Sigh. Sigh. Sigh. Sigh. Sigh. Sigh. Sigh. Sigh. Sigh. Sigh. Sigh. Sigh. Sigh. Sigh. Sigh. Sigh. Sigh. Sigh. Sigh. Sigh. Sigh. Sigh. Sigh. Sigh. Sigh. Sigh. Sigh. Sigh. Sigh. Sigh. Sigh. Sigh. Sigh. Sigh. Sigh. Sigh. Sigh. Sigh. Sigh. Sigh. Sigh. Sigh. Sigh. Sigh. Sigh. Sigh. Sigh. Sigh. Sigh. Sigh. Sigh. Sigh. Sigh. Sigh. Sigh. Sigh. Sigh. Sigh. Sigh. Sigh. Sigh. Sigh. Sigh. Sigh. Sigh. Sigh. Sigh. Sigh. Sigh. Sigh. Sigh. Sigh. Sigh. Sigh. Sigh. Sigh. Sigh. Sigh. Sigh. Sigh. Sigh. Sigh. Sigh. Sigh. Sigh. Sigh. Sigh. Sigh. Sigh. Sigh. Sigh. Sigh. Sigh. Sigh. Sigh. Sigh. Sigh. Sigh. Sigh. Sigh. Sigh. Sigh. Sigh. Sigh. Sigh. Sigh. Sigh. Sigh. Sigh. Sigh. Sigh. Sigh. Sigh. Sigh. Sigh. Sigh. Sigh. Sigh. Sigh. Sigh. Sigh. Sigh. Sigh. Sigh. Sigh. Sigh. Sigh. Sigh. Sigh. Sigh. Sigh. Sigh. Sigh. Sigh.,1,เฮ้อ...
BT0064,Allow me.,7,ให้ข้าจัดการ
BT0065,This is the end.,2,จบกันตรงนี้
BT0066,It's over.,2,จบแล้ว
BT0067,You're open.,2,เปิดช่องแล้ว
BT0068,Together.,1,ไปด้วยกัน
BT0069,We win.,1,เราชนะ
BT0070,Victory is within reach!,1,ชัยชนะอยู่แค่เอื้อม!
BT0071,A sound strike.,1,โจมตีได้ดี
BT0072,Disgraceful.,1,น่าอับอาย
BT0073,A formidable foe.,1,ศัตรูที่น่าเกรงขาม
BT0074,Good try.,1,พยายามได้ดี
BT0075,Not a chance.,1,ไม่มีทาง
BT0076,You let your guard down.,1,เจ้าลดการป้องกันลงแล้ว
BT0077,Too obvious.,1,เดาง่ายเกินไป
BT0078,A wasted effort.,1,เสียแรงเปล่า
BT0079,Thank you.,14,ขอบคุณ
BT0080,Much obliged.,3,ขอบคุณมาก
BT0081,My apologies.,2,ขออภัย
BT0082,This is...,2,นี่มัน...
BT0083,You have my thanks.,5,ขอบคุณมาก
BT0084,Oh?,1,โอ๊ะ?
BT0085,I have... failed you.,1,ข้า...ทำให้เจ้าผิดหวัง
BT0086,Bened...dict...,1,เบเน...ดิกต์...
BT0087,For you.,1,สำหรับเจ้า
BT0088,Take this.,3,รับนี่ไป
BT0089,I'll take this.,1,ข้าขอรับนี่ไว้
BT0090,Into the shadows.,1,สู่เงามืด
BT0091,Unseen and unheard.,1,ไร้ผู้เห็น ไร้ผู้ได้ยิน
BT0092,The trap is set.,1,วางกับดักแล้ว
BT0093,Try this.,1,ลองนี่ดู
BT0094,You won't escape.,1,เจ้าหนีไม่พ้น
BT0095,Silence.,1,เงียบซะ
BT0096,Here!,11,นี่!
BT0097,Shadows conceal me.,1,เงามืดจะซ่อนข้า
BT0098,You won't catch me.,1,เจ้าจับข้าไม่ได้หรอก
BT0099,Sleep.,1,หลับซะ
BT0100,Suffer.,1,ทรมานไปซะ
BT0101,This'll hurt.,1,นี่ต้องเจ็บแน่
BT0102,Too easy.,1,ง่ายเกินไป
BT0103,Come get me.,1,มาจับข้าสิ
BT0104,I will leave you defenseless.,1,ข้าจะทำให้เจ้าหมดทางป้องกัน
BT0105,A new power.,1,พลังใหม่
BT0106,This will prove useful.,1,นี่ต้องมีประโยชน์แน่
BT0107,For life.,1,เพื่อชีวิต
BT0108,I feel stronger already.,1,รู้สึกแข็งแกร่งขึ้นแล้ว
BT0109,As you command.,1,ตามบัญชา
BT0110,I live to serve.,2,ข้ามีชีวิตเพื่อรับใช้
BT0111,I must be ever ready.,1,ข้าต้องพร้อมเสมอ
BT0112,I await your orders.,1,ข้ารอคำสั่งอยู่
BT0113,My turn now.,1,คราวนี้ตาข้า
BT0114,I won't hold you back!,1,ข้าจะไม่เป็นภาระ!
BT0115,I can do this!,2,ข้าทำได้!
BT0116,Let's go!,2,ไปกันเลย!
BT0117,This isn't good.,7,ท่าไม่ดีแล้ว
BT0118,Wh-What do I do now?,1,ล-แล้วข้าควรทำยังไง?
BT0119,"Just breathe, Cordelia.",1,หายใจลึก ๆ คอร์เดเลีย
BT0120,In the name of the royal family!,1,ในนามแห่งราชวงศ์!
BT0121,Oh!,12,โอ๊ะ!
BT0122,I must be strong.,1,ข้าต้องเข้มแข็ง
BT0123,YEEEAH!,1,เย้!
BT0124,There!,6,นั่น!
BT0125,Nya!,2,เนี๊ยว!
BT0126,How's that?,3,เป็นไงล่ะ?
BT0127,Will this do it?,1,แบบนี้จะได้ไหม?
BT0128,How about this?,7,แบบนี้เป็นไง?
BT0129,Now!,9,ตอนนี้!
BT0130,Face your fate!,1,เผชิญชะตากรรมของเจ้า!
BT0131,Me too!,2,ข้าด้วย!
BT0132,That did it!,3,ได้ผล!
BT0133,Yes!,5,ใช่!
BT0134,No good?,1,ไม่ได้ผลหรือ?
BT0135,Forgive me!,2,ยกโทษให้ข้าด้วย!
BT0136,Blah!,3,แบร่!
BT0137,Now or never!,2,ตอนนี้หรือไม่มีอีกแล้ว!
BT0138,You're wide open!,4,เปิดช่องเต็ม ๆ!
BT0139,"Well, now.",4,อืม ทีนี้ล่ะ
BT0140,This oughta work!,1,แบบนี้น่าจะได้!
BT0141,Phew!,4,เฮ้อ!
BT0142,That was close.,4,เกือบไปแล้ว
BT0143,Many thanks.,2,ขอบคุณมาก
BT0144,Perfect timing!,1,จังหวะเหมาะพอดี!
BT0145,I've never felt better.,1,ไม่เคยรู้สึกดีขนาดนี้มาก่อน
BT0146,What a boon!,1,ช่างเป็นพรจริง ๆ!
BT0147,I must use this well.,1,ข้าต้องใช้มันให้คุ้ม
BT0148,I won't let you down.,4,ข้าจะไม่ทำให้ผิดหวัง
BT0149,"Brother, I failed you.",1,พี่ชาย ข้าทำให้ท่านผิดหวัง
BT0150,Forgive me.,1,ยกโทษให้ข้าด้วย
BT0151,Here you go!,6,นี่ไง!
BT0152,This is it!,5,นี่แหละ!
BT0153,I must do my duty.,1,ข้าต้องทำหน้าที่ของข้า
BT0154,I'm here for you.,1,ข้าอยู่ข้างเจ้า
BT0155,Stay strong!,1,เข้มแข็งไว้!
BT0156,May this be enough.,1,ขอให้เท่านี้เพียงพอ
BT0157,"Yes, please!",1,ได้เลย ได้โปรด!
BT0158,I'm in your debt!,1,ข้าติดหนี้บุญคุณเจ้า!
BT0159,I'll do what I can.,2,ข้าจะทำเท่าที่ทำได้
BT0160,I'm fine.,1,ข้าไม่เป็นไร
BT0161,I will survive this!,1,ข้าจะรอดจากนี่ให้ได้!
BT0162,Out of my way!,5,หลีกไป!
BT0163,Stay with us.,1,อย่าเพิ่งจากเราไป
BT0164,Are you alright?,1,เจ้าไม่เป็นไรใช่ไหม?
BT0165,Let your wounds be healed.,1,ขอให้บาดแผลของเจ้าหายดี
BT0166,I pray this helps.,2,หวังว่านี่จะช่วยได้
BT0167,Take care now.,1,ระวังตัวด้วย
BT0168,I have your back!,1,ข้าคอยหนุนหลังเจ้า!
BT0169,I must not miss.,1,ข้าต้องไม่พลาด
BT0170,I have to do something.,4,ข้าต้องทำอะไรสักอย่าง
BT0171,I must be vigilant.,2,ข้าต้องระวังตัว
BT0172,Back on my feet!,1,ลุกขึ้นมาได้แล้ว!
BT0173,HAAA?,1,ฮ้า?
BT0174,I... I must...,1,ข้า...ข้าต้อง...
BT0175,To end this fight!,1,เพื่อจบการต่อสู้นี้!
BT0176,Wish it didn't come to this.,1,ไม่อยากให้ต้องเป็นแบบนี้เลย
BT0177,I've no choice!,1,ข้าไม่มีทางเลือก!
BT0178,Of course!,1,แน่นอน!
BT0179,I've done it!,1,ข้าทำได้แล้ว!
BT0180,"Yes, very good!",1,ใช่ ดีมาก!
BT0181,Here goes!,7,เอาล่ะ!
BT0182,With all my might!,1,ด้วยกำลังทั้งหมดของข้า!
BT0183,I pray I'm helping.,1,หวังว่าข้าจะช่วยได้
BT0184,I feel I can do this.,1,รู้สึกว่าข้าทำได้
BT0185,If I must.,1,ถ้าจำเป็น
BT0186,I might as well enjoy this.,1,ไหน ๆ แล้วก็สนุกกับมันหน่อย
BT0187,on the S.F.R.O.S. name.,1,ในนามของเอสฟรอสต์
BT0188,You disgust me.,1,เจ้าช่างน่ารังเกียจ
BT0189,You're a clever bunch.,1,พวกเจ้าฉลาดไม่เบา
BT0190,Enough of this!,1,พอได้แล้ว!
BT0191,Curses. Why?,1,บ้าเอ๊ย ทำไมกัน?
BT0192,You'll regret this.,1,เจ้าจะเสียใจที่ทำแบบนี้
BT0193,Just die!,1,ตายซะ!
BT0194,Ha ha ha!,5,ฮ่า ฮ่า ฮ่า!
BT0195,"Oh, I'm sorry.",1,โอ้ ขอโทษที
BT0196,Not a good look on you.,1,ไม่เข้ากับเจ้าเลยนะ
BT0197,Target practice.,1,เป็นเป้าซ้อมชัด ๆ
BT0198,I'll clean this up.,1,ข้าจะเก็บกวาดเอง
BT0199,Ha ha ha! Splendid!,1,ฮ่า ฮ่า ฮ่า! เยี่ยมจริง!
BT0200,Did that hurt?,1,เจ็บไหมล่ะ?
BT0201,What is this?,3,นี่มันอะไร?
BT0202,No!,19,ไม่!
BT0203,You sniveling!,1,ไอ้ขี้แย!
BT0204,A gift!,1,ของขวัญ!
BT0205,You nettle me.,1,เจ้าทำให้ข้ารำคาญ
BT0206,Ah-ah!,1,อ๊ะ อ๊ะ!
BT0207,How kind of you.,1,ใจดีจริงนะ
BT0208,This will do.,1,เท่านี้ก็พอ
BT0209,You can do more for me.,1,เจ้าทำเพื่อข้าได้มากกว่านี้
BT0210,I'll repay this suffering.,1,ข้าจะเอาคืนความเจ็บปวดนี้
BT0211,Are you enjoying this?,1,สนุกอยู่หรือ?
BT0212,out of my sight.,1,ไปให้พ้นสายตาข้า
BT0213,Burn to a crisp.,1,ไหม้เป็นเถ้าซะ
BT0214,You're undeserving.,1,เจ้าไม่คู่ควร
BT0215,Mere dross.,1,ก็แค่เศษสวะ
BT0216,Fall by my hands.,1,ล้มลงด้วยมือข้า
BT0217,Pay attention.,1,ตั้งใจหน่อย
BT0218,My time is now.,1,เวลาของข้ามาถึงแล้ว
BT0219,Behold true power.,1,จงดูพลังที่แท้จริง
BT0220,The heavens judge you.,1,สวรรค์จะพิพากษาเจ้า
BT0221,Our hope still burns.,1,ความหวังของเรายังลุกโชน
BT0222,Now then!,2,เอาล่ะ!
BT0223,You will not hear me scream.,1,เจ้าจะไม่ได้ยินข้ากรีดร้อง
BT0224,"Heavens, grant me strength.",1,สวรรค์ โปรดมอบพลังแก่ข้า
BT0225,Too late!,1,สายไปแล้ว!
BT0226,You may feel pain!,1,เจ้าจะได้รู้จักความเจ็บปวด!
BT0227,This is farewell!,1,นี่คือคำอำลา!
BT0228,Accept your fate!,1,ยอมรับชะตากรรมซะ!
BT0229,One more!,2,อีกครั้ง!
BT0230,I will not relent!,1,ข้าจะไม่ยอมถอย!
BT0231,Do you enjoy pain?,1,ชอบความเจ็บปวดไหม?
BT0232,It will end soon!,1,อีกไม่นานก็จบ!
BT0233,A fine result.,1,ผลลัพธ์ยอดเยี่ยม
BT0234,This is ineffectual.,1,แบบนี้ไม่ได้ผล
BT0235,AHA!,1,อ้าฮ่า!
BT0236,I shall give you no quarter!,1,ข้าจะไม่ปรานีเจ้า!
BT0237,You have no recourse!,1,เจ้าไม่มีทางหนี!
BT0238,How unfortunate for you.,1,ช่างโชคร้ายสำหรับเจ้า
BT0239,You were careless.,1,เจ้าประมาทแล้ว
BT0240,Good try!,2,พยายามได้ดี!
BT0241,I see through you!,1,ข้ามองเจ้าออก!
BT0242,I feel blessed.,1,ข้ารู้สึกได้รับพร
BT0243,I am gracious.,1,ข้าซาบซึ้ง
BT0244,I shall use it well.,1,ข้าจะใช้มันให้ดี
BT0245,This will not be taken for granted.,1,ข้าจะไม่มองข้ามน้ำใจนี้
BT0246,I can feel it!,1,ข้ารู้สึกได้!
BT0247,It wasn't meant to end here.,1,มันไม่ควรจบตรงนี้
BT0248,My power wasn't enough.,1,พลังของข้ายังไม่พอ
BT0249,You'll regret facing me!,1,เจ้าจะเสียใจที่มาสู้กับข้า!
BT0250,The Heaven's Rage!,1,พิโรธแห่งสวรรค์!
BT0251,Tremble in fear!,1,จงสั่นกลัว!
BT0252,May fortune be with us.,1,ขอให้โชคเข้าข้างเรา
BT0253,For those who stand with me.,1,เพื่อผู้ที่ยืนเคียงข้างข้า
BT0254,"Heavens, grant us your blessing!",1,สวรรค์ โปรดประทานพรแก่เรา!
BT0255,The time is now!,1,ถึงเวลาแล้ว!
BT0256,I pray...,1,ข้าขอภาวนา...
BT0257,Grace us.,1,โปรดประทานพรแก่เรา
BT0258,Hear my prayers.,1,โปรดฟังคำภาวนาของข้า
BT0259,Stay down!,1,นอนลงไป!
BT0260,Away with you!,3,ไปให้พ้น!
BT0261,Silence!,1,เงียบ!
BT0262,The gods favor us.,1,เทพเจ้าทรงเข้าข้างเรา
BT0263,Ahhhh!,2,อ๊ากก!
BT0264,We must be strong.,1,เราต้องเข้มแข็ง
BT0265,The heavens cry!,1,สวรรค์ร่ำไห้!
BT0266,A breath from above.,1,ลมหายใจจากเบื้องบน
BT0267,With all my might.,1,ด้วยกำลังทั้งหมดของข้า
BT0268,Those who oppose the heavens shall fall.,1,ผู้ที่ต่อต้านสวรรค์จะต้องล้มลง
BT0269,Heavens heed me!,1,สวรรค์ โปรดฟังข้า!
BT0270,I must put an end to this bloodshed.,1,ข้าต้องยุติการนองเลือดนี้
BT0271,My prayers are vindicated.,1,คำภาวนาของข้าได้รับการตอบรับ
BT0272,My quest is one step closer to completion.,1,ภารกิจของข้าใกล้สำเร็จขึ้นอีกก้าว
BT0273,New power overflows within me.,1,พลังใหม่เอ่อล้นอยู่ในตัวข้า
BT0274,The heavens bless me.,1,สวรรค์ประทานพรแก่ข้า
BT0275,"Please, leave everything to me.",1,โปรดฝากทุกอย่างไว้กับข้า
BT0276,I must give it my all.,1,ข้าต้องทุ่มสุดกำลัง
BT0277,I fight to fulfill the wishes of all.,1,ข้าต่อสู้เพื่อทำตามความปรารถนาของทุกคน
BT0278,Let me show you what I've learned.,1,ให้ข้าแสดงสิ่งที่เรียนรู้มา
BT0279,I fight for peace.,1,ข้าต่อสู้เพื่อสันติ
BT0280,"At this rate, I...",1,ถ้ายังเป็นแบบนี้ ข้า...
BT0281,I cannot lose.,2,ข้าแพ้ไม่ได้
BT0282,I can still stand.,1,ข้ายังยืนไหว
BT0283,It hurts.,1,เจ็บ...
BT0284,Cut!,1,ฟัน!
BT0285,Bruh!,1,เฮ้ย!
BT0286,Here I come!,2,ข้ามาแล้ว!
BT0287,Sorry!,2,ขอโทษ!
BT0288,May I?,1,ขอข้าจัดการได้ไหม?
BT0289,My turn!,5,ตาข้า!
BT0290,It worked!,2,ได้ผล!
BT0291,We can win this!,1,เราชนะได้!
BT0292,Oh no!,2,ไม่นะ!
BT0293,What?,12,อะไรนะ?
BT0294,Ouch!,3,โอ๊ย!
BT0295,ENOUGH!,1,พอได้แล้ว!
BT0296,I won't let you.,1,ข้าไม่ยอมให้เจ้าทำ
BT0297,Do not underestimate me.,2,อย่าดูถูกข้า
BT0298,Careful!,1,ระวัง!
BT0299,Much appreciated.,7,ขอบคุณมาก
BT0300,I can keep fighting!,1,ข้ายังสู้ต่อได้!
BT0301,You have my gratitude.,2,ขอขอบคุณ
BT0302,Delightful!,1,ช่างน่ายินดี!
BT0303,Thank you!,2,ขอบคุณ!
BT0304,I can do it!,2,ข้าทำได้!
BT0305,Sarana...,1,ซาราน่า...
BT0306,Mother...,1,ท่านแม่...
BT0307,For you!,3,สำหรับเจ้า!
BT0308,For myself.,1,เพื่อตัวข้าเอง
BT0309,Burn!,1,ไหม้ซะ!
BT0310,"Flames, heed my call!",1,เปลวเพลิง จงฟังเสียงข้า!
BT0311,For the good of all.,1,เพื่อประโยชน์ของทุกคน
BT0312,Let us work together.,1,เรามาร่วมมือกัน
BT0313,We fight as one.,1,เราต่อสู้เป็นหนึ่งเดียว
BT0314,Two ashes.,1,สองเถ้าถ่าน
BT0315,Stay right there!,1,หยุดอยู่ตรงนั้น!
BT0316,The fires roar!,1,เปลวเพลิงคำราม!
BT0317,With the powers in me.,1,ด้วยพลังที่อยู่ในตัวข้า
BT0318,I shall protect you!,2,ข้าจะปกป้องเจ้า!
BT0319,Be one with the flames.,1,จงเป็นหนึ่งเดียวกับเปลวเพลิง
BT0320,Let me help.,2,ให้ข้าช่วย
BT0321,The flames consume you!,2,เปลวไฟจะเผาผลาญเจ้า!
BT0322,I will do what I must.,1,ข้าจะทำสิ่งที่ต้องทำ
BT0323,This power will protect us.,1,พลังนี้จะปกป้องเรา
BT0324,We will make our ideals reality.,1,เราจะทำให้อุดมการณ์ของเราเป็นจริง
BT0325,For a better world.,1,เพื่อโลกที่ดีกว่า
BT0326,I am ready.,2,ข้าพร้อมแล้ว
BT0327,Shall we?,2,ไปกันไหม?
BT0328,I hope I did not disappoint.,1,หวังว่าข้าจะไม่ทำให้ผิดหวัง
BT0329,It was worth every effort.,1,ทุกความพยายามคุ้มค่าแล้ว
BT0330,Let me give it a try.,1,ให้ข้าลองดู
BT0331,"With this terrain, I should...",1,ถ้าใช้ภูมิประเทศตรงนี้ ข้าน่าจะ...
BT0332,Let's see now.,1,มาดูกัน
BT0333,"Alright, here I go.",1,เอาล่ะ ข้าจะลุยแล้ว
BT0334,This is... not good.,2,นี่มัน...ไม่ดีเลย
BT0335,I have to turn this around.,1,ข้าต้องพลิกสถานการณ์ให้ได้
BT0336,If I utilize the ground here...,1,ถ้าใช้พื้นที่ตรงนี้ให้เป็นประโยชน์...
BT0337,"Eheh, heh.",1,เอ๊ะ ฮะ ฮะ
BT0338,This really hurts.,1,เจ็บจริง ๆ
BT0339,Oof!,4,อุ้ก!
BT0340,Together!,1,ไปด้วยกัน!
BT0341,Let me help!,3,ให้ข้าช่วย!
BT0342,That went well.,2,ไปได้สวย
BT0343,I actually did it!,1,ข้าทำได้จริง ๆ!
BT0344,Disappointing.,1,น่าผิดหวัง
BT0345,Oops.,1,อุ๊บ
BT0346,I think not.,3,ข้าไม่คิดอย่างนั้น
BT0347,Watch me.,1,ดูข้าไว้
BT0348,You fell for it.,1,ติดกับแล้ว
BT0349,I was waiting for that.,2,ข้ารอจังหวะนี้อยู่
BT0350,Ho!,1,โฮ่!
BT0351,Tick!,1,ติ๊ก!
BT0352,You saved the day.,1,เจ้าช่วยสถานการณ์ไว้ได้
BT0353,Thank you so much.,1,ขอบคุณมากจริง ๆ
BT0354,This should do the trick.,2,แบบนี้น่าจะได้ผล
BT0355,No way!,1,ไม่มีทาง!
BT0356,Is this how it ends?,3,นี่คือจุดจบของข้าหรือ?
BT0357,Take that!,11,รับนี่ไป!
BT0358,The land can help us.,1,ผืนดินจะช่วยเราได้
BT0359,This should help.,2,นี่น่าจะช่วยได้
BT0360,Are you okay?,1,เจ้าไม่เป็นไรใช่ไหม?
BT0361,I'm here!,1,ข้าอยู่นี่!
BT0362,"If I do this, then...",1,ถ้าข้าทำแบบนี้ แล้วก็...
BT0363,Everything will be okay.,1,ทุกอย่างจะเรียบร้อย
BT0364,Grant us your blessing.,1,โปรดประทานพรแก่เรา
BT0365,Strike true!,2,จงโจมตีให้แม่น!
BT0366,"Flames, gather!",1,เปลวเพลิง จงรวมตัว!
BT0367,"Ice, heed my call!",1,น้ำแข็ง จงฟังคำข้า!
BT0368,"Earth, be with us.",1,ผืนดิน จงอยู่กับเรา
BT0369,"Water, I beseech thee!",1,สายน้ำ ข้าขอวิงวอน!
BT0370,Heal!,1,รักษา!
BT0371,I have you now.,3,จับเจ้าได้แล้ว
BT0372,Powers of nature!,1,พลังแห่งธรรมชาติ!
BT0373,Let the very land of Norzelya grant me might!,1,ขอผืนแผ่นดินแห่งนอร์เซเลียมอบพลังให้ข้า!
BT0374,Try this on!,2,ลองรับนี่ไป!
BT0375,Right there!,1,ตรงนั้น!
BT0376,I live for new discoveries.,1,ข้ามีชีวิตเพื่อการค้นพบใหม่ ๆ
BT0377,I must continue my studies.,1,ข้าต้องศึกษาต่อไป
BT0378,My hunger for knowledge is never sated.,1,ความกระหายความรู้ของข้าไม่มีวันสิ้นสุด
BT0379,Woohoo! Look at me go!,1,วู้ฮู! ดูข้าสิ!
BT0380,"Just leave everything to me, okay?",1,ฝากทุกอย่างไว้กับข้าได้เลย โอเคไหม?
BT0381,You got it.,2,ได้เลย
BT0382,I've made progress. I just know it.,1,ข้าก้าวหน้าแล้ว ข้ารู้สึกได้
BT0383,I will never regret coming to Woolfort.,1,ข้าไม่เคยเสียใจที่มาวูลฟอร์ต
BT0384,Prepare yourself.,1,เตรียมตัวไว้
BT0385,Now then.,2,เอาล่ะ
BT0386,Shall I?,1,ให้ข้าจัดการไหม?
BT0387,They won't go down easy.,1,พวกมันไม่ล้มง่าย ๆ แน่
BT0388,My age is catching up with me.,1,อายุเริ่มตามข้าทันแล้วสินะ
BT0389,Good grief.,1,ให้ตายสิ
BT0390,I cannot give up.,1,ข้ายอมแพ้ไม่ได้
BT0391,Mm.,1,อืม
BT0392,"Ugh, that stings.",1,อึก เจ็บแสบจริง
BT0393,Fuuu!,1,ฟู่!
BT0394,Cool!,2,เยี่ยม!
BT0395,This ends here.,1,จบกันตรงนี้
BT0396,Farewell.,3,ลาก่อน
BT0397,Ha ha ha ha ha!,3,ฮ่า ฮ่า ฮ่า ฮ่า ฮ่า!
BT0398,And now me.,1,คราวนี้ข้า
BT0399,I show no mercy.,1,ข้าไม่ปรานี
BT0400,My fist struck true.,1,หมัดของข้าเข้าเป้าเต็ม ๆ
BT0401,I don't pull my punches.,1,ข้าไม่ออมมือหรอก
BT0402,My goodness.,1,ตายจริง
BT0403,Another blunder.,1,พลาดอีกแล้ว
BT0404,Agh!,16,อั่ก!
BT0405,Impressive.,1,น่าประทับใจ
BT0406,Too slow!,4,ช้าไป!
BT0407,You fool!,3,เจ้าโง่!
BT0408,A rash decision.,1,ตัดสินใจหุนหันเกินไป
BT0409,You won't fool me!,1,หลอกข้าไม่ได้หรอก!
BT0410,I can fight anew.,1,ข้าสู้ต่อได้อีก
BT0411,I shan't disappoint.,1,ข้าจะไม่ทำให้ผิดหวัง
BT0412,We won't lose.,1,เราจะไม่แพ้
BT0413,I have failed.,1,ข้าล้มเหลวแล้ว
BT0414,My time has come and gone.,1,ยุคของข้าคงผ่านไปแล้ว
BT0415,RAAH!,1,ย๊าก!
BT0416,For these old bones.,1,เพื่อกระดูกแก่ ๆ นี้
BT0417,Shall we then?,1,งั้นก็เริ่มกันเลยไหม?
BT0418,You will not strike me.,1,เจ้าจะโจมตีข้าไม่ได้
BT0419,I shan't miss.,1,ข้าจะไม่พลาด
BT0420,I see your every weakness.,1,ข้ามองเห็นทุกจุดอ่อนของเจ้า
BT0421,I will fight if I must.,1,ถ้าจำเป็นข้าก็จะสู้
BT0422,"Very well, then.",1,ได้ งั้นก็เอาเลย
BT0423,Can you handle my might?,1,รับพลังของข้าไหวไหม?
BT0424,I must refine my skills.,1,ข้าต้องขัดเกลาฝีมือให้ดียิ่งขึ้น
BT0425,so an old dog can learn new tricks.,1,แม้หมาแก่ก็ยังเรียนรู้ลูกเล่นใหม่ได้
BT0426,I mustn't give up hope.,1,ข้าต้องไม่หมดหวัง
BT0427,There is life in these old bones yet.,1,กระดูกแก่ ๆ นี้ยังมีแรงอยู่นะ
BT0428,Leave the battlefield to me.,1,สนามรบฝากข้าจัดการ
BT0429,Thank you for relying on this old maid.,1,ขอบคุณที่ยังพึ่งพาหญิงชราคนนี้
BT0430,I am grateful.,1,ข้าซาบซึ้ง
BT0431,I have lived to fight another day.,1,ข้ายังมีชีวิตสู้ต่อได้อีกวัน
BT0432,Here I come.,1,ข้ามาแล้ว
BT0433,Time to take flight!,1,ได้เวลาทะยาน!
BT0434,The hunt is on.,1,เริ่มการล่า
BT0435,This battle is ours.,2,ศึกนี้เป็นของเรา
BT0436,We mustn't let our guard down.,1,อย่าลดการระวังตัว
BT0437,I won't give in.,1,ข้าจะไม่ยอม
BT0438,It isn't over yet.,1,มันยังไม่จบ
BT0439,Cah!,1,อ้าก!
BT0440,Hrra!,1,ฮึ่ย!
BT0441,This ends now!,1,จบกันตอนนี้!
BT0442,Goodbye!,1,ลาก่อน!
BT0443,An opening!,1,มีช่องแล้ว!
BT0444,Now me!,2,ตาข้าบ้าง!
BT0445,This battle is won!,1,ศึกนี้เราชนะแล้ว!
BT0446,Victory is ours!,2,ชัยชนะเป็นของเรา!
BT0447,It didn't work?,2,ไม่ได้ผลหรือ?
BT0448,D'oh!,1,โธ่เอ๊ย!
BT0449,You!,1,เจ้านั่น!
BT0450,Back at you!,5,เอาคืนไป!
BT0451,Should have been more careful.,1,น่าจะระวังกว่านี้
BT0452,Huff!,2,ฮึบ!
BT0453,Not a chance!,1,ไม่มีทาง!
BT0454,I appreciate it.,5,ขอบใจนะ
BT0455,I needed that.,6,ข้าต้องการแบบนี้พอดี
BT0456,How gracious.,1,ช่างกรุณา
BT0457,This is wonderful.,1,ยอดเยี่ยมจริง ๆ
BT0458,Incredible!,1,น่าเหลือเชื่อ!
BT0459,Your Highness!,1,ฝ่าบาท!
BT0460,It's in your hands now.,1,ต่อจากนี้ฝากเจ้าด้วย
BT0461,Use this!,3,ใช้นี่!
BT0462,Be strong.,1,เข้มแข็งไว้
BT0463,We must press onward!,1,เราต้องเดินหน้าต่อ!
BT0464,Focus!,1,ตั้งสมาธิ!
BT0465,Take aim!,1,เล็งให้ดี!
BT0466,I won't miss.,1,ข้าจะไม่พลาด
BT0467,Try this!,4,ลองนี่ดู!
BT0468,From this range.,1,จากระยะนี้...
BT0469,Floogie!,1,ฟลูจี้!
BT0470,The battle has only begun.,1,การต่อสู้เพิ่งเริ่มเท่านั้น
BT0471,We cannot lose.,1,เราแพ้ไม่ได้
BT0472,My arrow flies true.,1,ลูกธนูของข้าไม่พลาดเป้า
BT0473,Come if you dare.,1,กล้าก็เข้ามา
BT0474,Darkness engulfs you.,1,ความมืดจะกลืนกินเจ้า
BT0475,Not another step!,1,ห้ามก้าวต่อ!
BT0476,You'll get no mercy from us.,1,อย่าหวังความเมตตาจากเรา
BT0477,"Lend me your wings, Floogie!",1,ให้ข้ายืมปีกของเจ้า ฟลูจี้!
BT0478,May fortune favor us.,1,ขอให้โชคเข้าข้างเรา
BT0479,The winds of change are blowing.,1,สายลมแห่งการเปลี่ยนแปลงกำลังพัดมา
BT0480,I will fight to my last breath.,1,ข้าจะสู้จนลมหายใจสุดท้าย
BT0481,My pride is my shield.,1,ศักดิ์ศรีคือโล่ของข้า
BT0482,At your service.,1,พร้อมรับใช้
BT0483,It is an honor to serve,1,เป็นเกียรติที่ได้รับใช้
BT0484,Effort is rewarded.,1,ความพยายามย่อมได้ผลตอบแทน
BT0485,"Come on, then.",1,เอาสิ เข้ามา
BT0486,Now it's my turn.,1,ทีนี้ตาข้าแล้ว
BT0487,"Feisty, aren't we?",1,คึกคักไม่เบาเลยนะ
BT0488,Leave everything to me.,1,ฝากทุกอย่างไว้กับข้า
BT0489,This ain't pretty.,1,สถานการณ์ไม่สวยเลย
BT0490,Better verbind this.,1,ต้องจัดการเรื่องนี้ให้ดีกว่านี้
BT0491,"I admit it, I'm on my back foot.",1,ยอมรับเลย ข้ากำลังเสียเปรียบ
BT0492,Just gotta do it.,1,ต้องลงมือแล้ว
BT0493,Didn't see that coming.,1,ไม่ทันคาดเลย
BT0494,This ain't good.,2,แบบนี้ไม่ดีแน่
BT0495,All right!,2,เอาล่ะ!
BT0496,Hey-ya!,3,เฮ้ย่า!
BT0497,Was nice knowing ya.,1,ยินดีที่ได้รู้จักกันนะ
BT0498,This might sting some.,1,อาจเจ็บนิดหน่อยนะ
BT0499,Over here!,4,ทางนี้!
BT0500,I'm cutting you off.,1,ข้าจะตัดทางเจ้า
BT0501,One more round.,1,อีกยกหนึ่ง
BT0502,"Well, that worked.",1,อืม ได้ผลแฮะ
BT0503,Saw right through ya.,1,มองแผนเจ้าออกหมดแล้ว
BT0504,What in the?,1,อะไรกันเนี่ย?
BT0505,That wasn't it.,1,ไม่ใช่แบบนี้
BT0506,"Ow, ow, ow!",1,โอ๊ย โอ๊ย โอ๊ย!
BT0507,They got me.,2,พวกมันเล่นข้าแล้ว
BT0508,Not today!,2,วันนี้ไม่ใช่วันของเจ้า!
BT0509,That worked.,1,ได้ผล
BT0510,"You're really bad at this, aren't you?",1,เจ้านี่ห่วยจริง ๆ เลยนะ
BT0511,That's how it's gonna be?,1,จะเอาแบบนี้ใช่ไหม?
BT0512,Whoa!,6,โว้ว!
BT0513,"Thank you, friend.",1,ขอบคุณนะ สหาย
BT0514,You're a lifesaver.,1,เจ้าช่วยชีวิตข้าไว้
BT0515,This feels promising.,1,ดูมีหวังนะ
BT0516,Better take advantage.,1,ต้องใช้โอกาสนี้ให้คุ้ม
BT0517,I'm going for it.,1,ข้าจะลุยแล้ว
BT0518,Damn it all.,1,บ้าเอ๊ย
BT0519,How embarrassing.,2,น่าอายจริง ๆ
BT0520,I've got a few tricks up my sleeves.,1,ข้ายังมีลูกเล่นอีกเพียบ
BT0521,This should do it.,3,แบบนี้น่าจะได้
BT0522,Stay out of my way!,1,หลีกไปจากทางข้า!
BT0523,What a pain.,1,น่ารำคาญจริง
BT0524,We're just getting started.,1,เราเพิ่งเริ่มเท่านั้น
BT0525,What are you and your cups about?,1,เจ้ากับถ้วยพวกนั้นทำอะไรกัน?
BT0526,I'm far from finished.,1,ข้ายังไม่จบแค่นี้
BT0527,All or nothing.,1,หมดหน้าตัก
BT0528,Get out of the way!,1,หลีกทางไป!
BT0529,No slacking off.,1,อย่าอู้
BT0530,Ain't over yet.,1,ยังไม่จบหรอก
BT0531,Gotta take it on the chin.,1,ต้องกัดฟันทนไว้
BT0532,"Not bad, not bad.",1,ไม่เลว ไม่เลว
BT0533,Would you look at that?,2,ดูนั่นสิ
BT0534,"I'm old, not a pushover.",1,ข้าแก่ แต่ไม่ใช่คนอ่อนแอ
BT0535,"Well, congratulations are in order.",1,ดูเหมือนต้องแสดงความยินดีแล้ว
BT0536,"Aye, leave it to me.",1,เออ ฝากข้าได้เลย
BT0537,I've still got a lot to learn.,1,ข้ายังต้องเรียนรู้อีกมาก
BT0538,This calls for a drink.,2,แบบนี้ต้องฉลองด้วยเหล้า
BT0539,So it's come to blows.,1,สุดท้ายก็ต้องลงไม้ลงมือสินะ
BT0540,I'm ready to do what I must.,1,ข้าพร้อมทำสิ่งที่ต้องทำ
BT0541,I shall lead by example.,1,ข้าจะทำให้ดูเป็นตัวอย่าง
BT0542,Am I outmatched?,1,ข้าเสียเปรียบหรือ?
BT0543,I must drive them back.,1,ข้าต้องผลักพวกมันกลับไป
BT0544,This cannot stand.,2,ปล่อยไว้แบบนี้ไม่ได้
BT0545,No.,1,ไม่
BT0546,I must treat this.,1,ข้าต้องรักษาอาการนี้
BT0547,Die with regret!,1,ตายไปพร้อมความเสียใจซะ!
BT0548,I tire of this.,1,ข้าเบื่อเรื่องนี้แล้ว
BT0549,There we go.,1,เรียบร้อย
BT0550,Impressed?,2,ประทับใจไหม?
BT0551,I should try something else.,1,ข้าควรลองวิธีอื่น
BT0552,What wasted effort.,1,เสียแรงเปล่า
BT0553,Simple.,1,ง่ายนิดเดียว
BT0554,I am blessed.,1,ข้าได้รับพร
BT0555,How soothing.,1,ช่างผ่อนคลาย
BT0556,I gain newfound strength.,1,ข้าได้รับพลังใหม่
BT0557,With this I shall be victorious.,1,ด้วยสิ่งนี้ ข้าจะคว้าชัยชนะ
BT0558,This is where my journey ends.,1,การเดินทางของข้าจบตรงนี้
BT0559,Now behold my power.,1,จงดูพลังของข้า
BT0560,This is the fruit of wisdom.,1,นี่คือผลแห่งปัญญา
BT0561,All shall be mine.,1,ทุกสิ่งจะเป็นของข้า
BT0562,"Go forth, children of the goddess.",1,จงไปเถิด บุตรแห่งเทพธิดา
BT0563,You're not but a nuisance.,1,เจ้าเป็นเพียงตัวน่ารำคาญ
BT0564,Heretics cannot be suffered to live.,1,พวกนอกรีตไม่มีสิทธิ์มีชีวิต
BT0565,I do only what I must.,1,ข้าทำเพียงสิ่งที่จำเป็น
BT0566,Whatever it takes.,2,ไม่ว่าจะต้องทำอะไร
BT0567,Count on me.,1,ไว้ใจข้าได้
BT0568,For the greater good.,1,เพื่อประโยชน์ส่วนรวม
BT0569,I'll do my utmost.,1,ข้าจะทำให้ดีที่สุด
BT0570,We may need to heal.,1,เราอาจต้องรักษาตัว
BT0571,I've been better.,1,เคยรู้สึกดีกว่านี้
BT0572,I can't give up now.,1,ข้ายอมแพ้ตอนนี้ไม่ได้
BT0573,I'll be okay.,1,ข้าจะไม่เป็นไร
BT0574,Tch!,2,ชิ!
BT0575,Come on!,5,เข้ามา!
BT0576,This may hurt!,1,นี่อาจเจ็บนะ!
BT0577,Get some bed rest!,1,ไปพักผ่อนซะ!
BT0578,Pardon me!,1,ขออภัย!
BT0579,I'll have a go.,1,ข้าจะลองดู
BT0580,That certainly worked.,1,ได้ผลจริง ๆ
BT0581,Yes! I did it!,1,ใช่! ข้าทำได้!
BT0582,Did I do that right?,1,ข้าทำถูกไหม?
BT0583,"No more of that, thank you!",1,พอเถอะ ขอบคุณ!
BT0584,You take that back!,1,ถอนคำพูดเดี๋ยวนี้!
BT0585,I was ready for that.,1,ข้าเตรียมรับไว้แล้ว
BT0586,Thought you'd try that!,1,รู้อยู่แล้วว่าเจ้าจะทำแบบนั้น!
BT0587,Yikes!,1,ว้าย!
BT0588,Thanks.,2,ขอบใจ
BT0589,Just in time.,2,ทันเวลาพอดี
BT0590,That'll keep me going.,1,แบบนี้ยังไปต่อได้
BT0591,"Ooh, very nice.",1,โอ้ ดีมาก
BT0592,This helps. Thanks.,1,นี่ช่วยได้ ขอบคุณ
BT0593,I'll keep at it.,1,ข้าจะพยายามต่อไป
BT0594,I tried.,1,ข้าพยายามแล้ว
BT0595,Would I were more help.,1,ถ้าข้าช่วยได้มากกว่านี้ก็คงดี
BT0596,This one's for me.,1,อันนี้ของข้า
BT0597,Off you go!,1,ไปซะ!
BT0598,We're counting on you!,1,เราฝากความหวังไว้กับเจ้า!
BT0599,I've no other choice.,1,ข้าไม่มีทางเลือกอื่น
BT0600,You're hurt.,1,เจ้าบาดเจ็บ
BT0601,I'm always here for those in need.,1,ข้าอยู่เคียงข้างผู้ที่ต้องการความช่วยเหลือเสมอ
BT0602,To victory!,1,สู่ชัยชนะ!
BT0603,How's this?,5,เป็นไงล่ะ?
BT0604,You let your guard down!,1,เจ้าลดการป้องกันแล้ว!
BT0605,This one knows how to fight!,1,คนนี้สู้เป็นจริง ๆ!
BT0606,I will see this through!,1,ข้าจะทำให้ถึงที่สุด!
BT0607,They leave me no choice.,1,พวกมันไม่เหลือทางเลือกให้ข้า
BT0608,Stay back!,1,ถอยไป!
BT0609,"Busy, busy.",1,ยุ่งจริง ๆ
BT0610,People need me.,1,ผู้คนต้องการข้า
BT0611,May all your wounds be healed.,1,ขอให้บาดแผลทั้งหมดของเจ้าหายดี
BT0612,Preparations complete!,1,เตรียมพร้อมเสร็จสิ้น!
BT0613,I must be flawless.,1,ข้าต้องไร้ที่ติ
BT0614,I can use this for good.,1,ข้าใช้สิ่งนี้เพื่อช่วยผู้อื่นได้
BT0615,Another tool for my kit.,1,เครื่องมือใหม่สำหรับข้า
BT0616,For the people!,1,เพื่อประชาชน!
BT0617,I'm here to help.,1,ข้ามาเพื่อช่วย
BT0618,As you wish.,1,ตามที่เจ้าต้องการ
BT0619,May we return home unharmed.,1,ขอให้เรากลับบ้านโดยปลอดภัย
BT0620,My work is far from done.,1,งานของข้ายังไม่จบ
BT0621,I hear the cries of those in need.,1,ข้าได้ยินเสียงร้องขอความช่วยเหลือ
BT0622,Shall we dance?,1,มาเต้นกันไหม?
BT0623,Now what to do?,1,ทีนี้จะทำอะไรดี?
BT0624,Let's play.,1,มาเล่นกัน
BT0625,"Choices, choices.",1,เลือกยากจริง ๆ
BT0626,How dare you!,2,เจ้ากล้าดียังไง!
BT0627,The show must go on.,1,การแสดงต้องดำเนินต่อไป
BT0628,Here goes.,2,เอาล่ะ
BT0629,Hush now.,1,เงียบก่อนนะ
BT0630,"Ah, ah, ah, ah.",1,อา อา อา อา
BT0631,HANYA!,1,ฮันยะ!
BT0632,"Ha, ha, ha, ha, ha, ha, ha, ha, ha, ha, ha, ha, ha, ha, ha, ha, ha, ha, ha, ha, ha, ha, ha, ha, ha, ha, ha, ha, ha, ha, ha, ha, ha, ha, ha, ha, ha, ha, ha, ha, ha, ha, ha, ha, ha, ha, ha, ha, ha, ha, ha, ha, ha, ha, ha, ha, ha, ha, ha, ha, ha, ha, ha, ha, ha, ha, ha, ha, ha, ha, ha, ha, ha, ha, ha, ha, ha, ha, ha, ha, ha, ha, ha, ha, ha, ha, ha, ha, ha, ha, ha, ha, ha, ha, ha, ha, ha, ha, ha, ha, ha, ha, ha, ha, ha, ha, ha, ha, ha, ha, ha, ha, ha, ha, ha, ha, ha, ha, ha, ha, ha, ha, ha, ha, ha, ha, ha, ha, ha, ha, ha, ha, ha, ha, ha, ha, ha, ha, ha, ha, ha, ha, ha, ha, ha, ha, ha, ha, ha, ha, ha, ha, ha, ha, ha, ha, ha, ha, ha, ha, ha, ha, ha, ha, ha, ha, ha, ha, ha, ha, ha, ha, ha, ha, ha, ha, ha, ha, ha, ha, ha, ha, ha, ha, ha, ha, ha, ha, ha, ha, ha, ha, ha, ha, ha, ha, ha, ha, ha, ha, ha, ha, ha, ha, ha, ha, ha, ha, ha, ha, ha, ha, ha, ha, ha, ha, ha, ha, ha, ha, ha, ha,",1,ฮ่า ฮ่า ฮ่า!
BT0633,It's been fun!,1,สนุกดีนะ!
BT0634,Good night!,1,ราตรีสวัสดิ์!
BT0635,Just for you.,1,สำหรับเจ้าโดยเฉพาะ
BT0636,How cute.,1,น่ารักจริง
BT0637,That must have hurt.,1,ต้องเจ็บแน่ ๆ
BT0638,You poor thing.,1,น่าสงสารจริง
BT0639,Oh my.,1,โอ้โห
BT0640,Ow!,3,โอ๊ย!
BT0641,Hey!,3,เฮ้!
BT0642,I've got you now!,1,จับเจ้าได้แล้ว!
BT0643,Whoopsies!,1,อุ๊ย!
BT0644,"Naughty, naughty.",1,ซนนะ ซนนะ
BT0645,You are so naive.,1,เจ้าช่างไร้เดียงสา
BT0646,I see right through you.,1,ข้ามองเจ้าออกหมด
BT0647,My hero.,1,วีรบุรุษของข้า
BT0648,"Yes, this will do.",3,ใช่ แบบนี้แหละ
BT0649,I'm just getting started.,1,ข้าเพิ่งเริ่มเท่านั้น
BT0650,"Oh, how lovely.",1,โอ้ ช่างงดงาม
BT0651,Sensational!,1,ยอดเยี่ยม!
BT0652,You are kind to me.,1,เจ้าดีกับข้าจริง ๆ
BT0653,It can't be.,1,เป็นไปไม่ได้
BT0654,Where did I go wrong?,2,ข้าพลาดตรงไหนกัน?
BT0655,With love.,1,ด้วยความรัก
BT0656,"Quiet, you.",1,เงียบซะ
BT0657,Light as a butterfly.,1,เบาดั่งผีเสื้อ
BT0658,Think you can catch me?,1,คิดว่าจะจับข้าได้หรือ?
BT0659,Ha ha ha ha ha ha.,1,ฮ่า ฮ่า ฮ่า ฮ่า ฮ่า ฮ่า
BT0660,Dance poison!,1,พิษเริงระบำ!
BT0661,I'll punish you.,1,ข้าจะลงโทษเจ้า
BT0662,"Shocking, isn't it?",1,ตกใจใช่ไหมล่ะ?
BT0663,Delectable.,1,น่าลิ้มลอง
BT0664,Behave.,1,ทำตัวดี ๆ
BT0665,You won't know up from down.,1,เจ้าจะแยกไม่ออกว่าอะไรเป็นอะไร
BT0666,Weak into my wiles.,1,หลงกลเสน่ห์ของข้าซะ
BT0667,I've the best idea.,1,ข้ามีความคิดดีที่สุดแล้ว
BT0668,This'll come in handy.,1,นี่ต้องมีประโยชน์แน่
BT0669,Ever more lovely.,1,งดงามขึ้นไปอีก
BT0670,I've never felt better!,1,ไม่เคยรู้สึกดีขนาดนี้!
BT0671,Your wish is my command.,1,ความปรารถนาของเจ้าคือคำสั่งของข้า
BT0672,I can only get better.,1,ข้ายังพัฒนาได้อีก
BT0673,Look how far I've come.,1,ดูสิว่าข้ามาไกลแค่ไหนแล้ว
BT0674,"Ready or not, here I come!",1,พร้อมหรือไม่ ข้ามาแล้ว!
BT0675,Let the show begin!,1,เริ่มการแสดงกัน!
BT0676,I'll do my best!,1,ข้าจะทำให้ดีที่สุด!
BT0677,Where to next?,1,ต่อไปที่ไหนดี?
BT0678,Eeeh!,1,เอ๊ะ!
BT0679,Help me!,1,ช่วยข้าด้วย!
BT0680,It hurts!,2,เจ็บ!
BT0681,What should I do?,3,ข้าควรทำยังไงดี?
BT0682,Ha! Ha! Ha!,1,ฮ่า! ฮ่า! ฮ่า!
BT0683,I don't feel so good.,1,ข้ารู้สึกไม่ค่อยดี
BT0684,Bye-bye!,1,บ๊ายบาย!
BT0685,I'm up!,1,ข้าลุกแล้ว!
BT0686,"One, two, and...",1,หนึ่ง สอง แล้วก็...
BT0687,Hey! Such fun!,1,เฮ้! สนุกจัง!
BT0688,Hold your applause!,1,เก็บเสียงปรบมือไว้ก่อน!
BT0689,Did I make a mistake?,1,ข้าทำพลาดหรือ?
BT0690,Hold it!,3,หยุดก่อน!
BT0691,It's my turn!,1,ตาข้าแล้ว!
BT0692,Gotcha!,3,จับได้แล้ว!
BT0693,Phew! Thanks!,1,เฮ้อ ขอบคุณ!
BT0694,How better now?,1,ดีขึ้นไหม?
BT0695,This is amazing!,1,สุดยอดไปเลย!
BT0696,Wow!,2,ว้าว!
BT0697,I won't give up!,1,ข้าจะไม่ยอมแพ้!
BT0698,I really messed up.,1,ข้าพลาดหนักเลย
BT0699,I'm scared.,1,ข้ากลัว
BT0700,For me!,1,เพื่อข้า!
BT0701,Heep ho!,1,ฮี๊บโฮ่!
BT0702,Fly away!,1,บินไปเลย!
BT0703,Upsy-daisy!,1,ฮึบขึ้นมา!
BT0704,Have one of these!,1,รับนี่ไปอีกอัน!
BT0705,"Ready, set!",1,เตรียม... ไป!
BT0706,Whoopsie!,1,อุ๊ย!
BT0707,Ta-da!,1,แต่นแต๊น!
BT0708,I'll take that.,4,ข้าขอรับไปล่ะ
BT0709,"Hey, yeah!",1,เฮ้ เย้!
BT0710,Whatever you can do!,1,ทำได้เท่าไรก็เอาเลย!
BT0711,I learned a new check!,1,ข้าเรียนรู้กลเม็ดใหม่แล้ว!
BT0712,This is wonderful!,1,ยอดเยี่ยมจริง ๆ!
BT0713,I did it!,3,ข้าทำได้!
BT0714,I've still got mods to learn!,1,ข้ายังมีอะไรให้เรียนรู้อีกเยอะ!
BT0715,I'm on my way!,1,ข้ากำลังไป!
BT0716,I've got this!,1,ข้าจัดการได้!
BT0717,Hee hee!,1,ฮิ ฮิ!
BT0718,I live to a maze!,1,ข้าชอบทำให้ทุกคนตะลึง!
BT0719,Ready for battle!,1,พร้อมรบ!
BT0720,Make way!,1,หลีกทาง!
BT0721,Ha ha ha ha!,6,ฮ่า ฮ่า ฮ่า ฮ่า!
BT0722,Point me at him!,1,ชี้เป้าให้ข้าเลย!
BT0723,What a mess!,1,เละเทะจริง!
BT0724,Let my guard down!,1,เผลอลดการป้องกันไป!
BT0725,Now what?,1,แล้วไงต่อ?
BT0726,You won't beat me!,2,เจ้าเอาชนะข้าไม่ได้!
BT0727,Damn it! They got me!,1,บ้าเอ๊ย! พวกมันเล่นข้าแล้ว!
BT0728,Damn you!,1,เจ้าบ้า!
BT0729,PYAH!,1,พะย่ะ!
BT0730,You're done for!,3,เจ้าจบเห่แล้ว!
BT0731,I'll end you!,2,ข้าจะจัดการเจ้า!
BT0732,Not sorry!,1,ไม่เสียใจหรอก!
BT0733,There's my opening!,1,เจอช่องแล้ว!
BT0734,You're mine!,2,เจ้าเป็นของข้า!
BT0735,Bullseye!,1,เข้าเป้า!
BT0736,"That worked, huh?",1,ได้ผลสินะ?
BT0737,"Oh, what?",1,โอ๊ะ อะไรนะ?
BT0738,Damn it!,3,บ้าเอ๊ย!
BT0739,Nyao!,1,เนี๊ยว!
BT0740,"Damn, that hurt!",1,บ้าเอ๊ย เจ็บชะมัด!
BT0741,You little...,2,เจ้านี่มัน...
BT0742,I don't think so.,2,ข้าไม่คิดอย่างนั้น
BT0743,Get back here!,1,กลับมานี่!
BT0744,Gotta turn the tide!,1,ต้องพลิกสถานการณ์!
BT0745,And something in return.,1,แล้วก็ต้องมีของตอบแทน
BT0746,"Eesh, too close!",1,อึ๋ย เกือบไป!
BT0747,Thank you kindly.,1,ขอบคุณมาก
BT0748,That feels good.,1,รู้สึกดีจัง
BT0749,Never felt better.,1,ไม่เคยรู้สึกดีขนาดนี้
BT0750,"Right then, what's next?",1,เอาล่ะ ต่อไปอะไรดี?
BT0751,Ready to go!,1,พร้อมลุย!
BT0752,Gotta pull my weight!,1,ต้องทำหน้าที่ของข้าให้ได้!
BT0753,"Sorry, Pa!",1,ขอโทษนะ พ่อ!
BT0754,This is the ticket.,1,นี่แหละใช่เลย
BT0755,Here goes nothing!,1,เอาล่ะ ลุย!
BT0756,Perfect opportunity!,1,โอกาสเหมาะสุด ๆ!
BT0757,I never miss.,1,ข้าไม่เคยพลาด
BT0758,Eyes on me now!,1,มองข้าไว้!
BT0759,"Once a thief, always a thief.",1,เป็นโจรก็เป็นโจรตลอดไป
BT0760,Down you go!,1,ลงไปซะ!
BT0761,Farewell!,3,ลาก่อน!
BT0762,I don't play around.,1,ข้าเอาจริงนะ
BT0763,Got my prey cornered!,1,ต้อนเหยื่อจนมุมแล้ว!
BT0764,Get gone!,1,ไปให้พ้น!
BT0765,What's next?,1,ต่อไปอะไร?
BT0766,"All right, enough!",1,เอาล่ะ พอที!
BT0767,Let's make trouble!,1,มาสร้างเรื่องกัน!
BT0768,My time to shine!,1,ถึงเวลาข้าเฉิดฉาย!
BT0769,I'm a genius!,1,ข้านี่อัจฉริยะ!
BT0770,Ha ha ha ha ha ha!,1,ฮ่า ฮ่า ฮ่า ฮ่า ฮ่า ฮ่า!
BT0771,Ain't nothin' I can't do!,1,ไม่มีอะไรที่ข้าทำไม่ได้!
BT0772,I'm better than ever!,1,ข้าดีกว่าเดิมอีก!
BT0773,Time for a bruisin'.,1,ได้เวลาซัดกันแล้ว
BT0774,I've been waiting for this.,1,ข้ารอจังหวะนี้อยู่
BT0775,I ain't in the business of disappointin'.,1,ข้าไม่เคยทำให้ใครผิดหวังหรอก
BT0776,Reckon I'm better than Pa now.,1,สงสัยข้าจะเก่งกว่าพ่อแล้ว
BT0777,I shall do what I can.,1,ข้าจะทำเท่าที่ทำได้
BT0778,Cool heads shall prevail.,1,ใจเย็นไว้แล้วเราจะชนะ
BT0779,Shall we begin?,2,เริ่มกันเลยไหม?
BT0780,Let me heal your wounds.,1,ให้ข้ารักษาบาดแผลของเจ้า
BT0781,We've been weakened.,1,พวกเราอ่อนกำลังลง
BT0782,They're good.,1,พวกมันเก่ง
BT0783,We mustn't lose heart.,1,อย่าเสียขวัญ
BT0784,Oof.,2,อุ้ก
BT0785,I don't feel well.,1,ข้ารู้สึกไม่ดี
BT0786,Very well!,1,ได้เลย!
BT0787,You misjudged me!,1,เจ้าประเมินข้าผิด!
BT0788,Be gone with you!,1,ไปให้พ้น!
BT0789,Your luck has run out!,1,โชคของเจ้าหมดแล้ว!
BT0790,This is good!,1,นี่ดีมาก!
BT0791,You've made a grave mistake.,1,เจ้าทำพลาดครั้งใหญ่แล้ว
BT0792,That hit the mark!,1,เข้าเป้าเต็ม ๆ!
BT0793,We've breached their defense!,1,เราเจาะแนวป้องกันของพวกมันแล้ว!
BT0794,Back to the drawing board.,1,ต้องกลับไปวางแผนใหม่
BT0795,I... What?,1,ข้า... อะไรนะ?
BT0796,"Oh, no!",1,โอ้ ไม่นะ!
BT0797,I... No!,1,ข้า... ไม่!
BT0798,How?,3,ได้ยังไง?
BT0799,Reap what you sow!,1,รับผลจากสิ่งที่เจ้าทำไว้ซะ!
BT0800,Foolish!,1,โง่เขลา!
BT0801,Just as I thought.,1,เป็นอย่างที่คิด
BT0802,Aha!,4,อ้าฮ่า!
BT0803,Ho ho!,2,โฮ่ โฮ่!
BT0804,Almost.,1,เกือบแล้ว
BT0805,A thousand thanks.,1,ขอบคุณเป็นพันครั้ง
BT0806,I owe you my life.,1,ข้าติดหนี้ชีวิตเจ้า
BT0807,Ooh.,1,โอ้
BT0808,Well done!,2,ทำได้ดี!
BT0809,The truth eludes me.,1,ความจริงยังหลบซ่อนจากข้า
BT0810,Frederica... I'm sorry.,1,เฟรเดริกา... ขอโทษนะ
BT0811,Perhaps you'll enjoy this.,1,บางทีเจ้าอาจชอบนี่
BT0812,I have more if you require.,1,ถ้าต้องการ ข้ายังมีอีก
BT0813,I must help myself.,1,ข้าต้องช่วยตัวเองก่อน
BT0814,Your wounds are healed.,1,บาดแผลของเจ้าหายแล้ว
BT0815,Are you hurt?,1,เจ้าบาดเจ็บหรือ?
BT0816,Be at ease.,1,สบายใจได้
BT0817,I'm behind you.,1,ข้าอยู่ข้างหลังเจ้า
BT0818,I do what I can.,1,ข้าทำเท่าที่ทำได้
BT0819,Make the most of this.,1,ใช้โอกาสนี้ให้คุ้ม
BT0820,Here.,2,นี่
BT0821,This is what I do.,1,นี่คืองานของข้า
BT0822,Victory is inevitable.,1,ชัยชนะหลีกเลี่ยงไม่ได้
BT0823,For one and all.,1,เพื่อทุกคน
BT0824,All better.,1,หายดีแล้ว
BT0825,Keep going.,1,ไปต่อ
BT0826,Go swiftly.,1,รีบไป
BT0827,Victory goes to the quick.,1,คนไวเท่านั้นที่ได้ชัยชนะ
BT0828,Keep going!,1,ไปต่อ!
BT0829,Start the fight anew.,1,เริ่มการต่อสู้อีกครั้ง
BT0830,Tis but a trifle.,1,ก็แค่เรื่องเล็กน้อย
BT0831,The fight goes on.,1,การต่อสู้ยังดำเนินต่อ
BT0832,Calm your nerves.,1,ใจเย็นไว้
BT0833,"Fear not, for I am by your side.",1,ไม่ต้องกลัว ข้าอยู่ข้างเจ้า
BT0834,Knowledge is strength.,1,ความรู้คือพลัง
BT0835,"With clear eyes, I move forward.",1,เมื่อมองเห็นชัด ข้าก็เดินหน้าต่อได้
BT0836,My growth is plain to see.,1,เห็นได้ชัดว่าข้าเติบโตขึ้น
BT0837,One step closer to our hope.,1,ใกล้ความหวังของเราอีกก้าว
BT0838,But of course.,1,แน่นอนอยู่แล้ว
BT0839,"If I meet your approval,",1,ถ้าข้าถูกใจเจ้า...
BT0840,Might I be of service?,1,มีอะไรให้ข้ารับใช้ไหม?
BT0841,To think I've come this far.,1,ไม่น่าเชื่อว่าข้ามาไกลถึงเพียงนี้
BT0842,Looks like I'm up.,1,ดูเหมือนถึงตาข้าแล้ว
BT0843,No need to panic.,1,ไม่ต้องตื่นตระหนก
BT0844,We still have this.,1,เรายังมีทาง
BT0845,"Won't be that easy, will it?",1,คงไม่ง่ายขนาดนั้นสินะ?
BT0846,When did I get so old?,1,ข้าแก่ขนาดนี้ตั้งแต่เมื่อไรกัน?
BT0847,So it comes to this.,1,สุดท้ายก็มาถึงจุดนี้
BT0848,"Uh-oh, that stinks.",1,แย่ล่ะ แบบนี้ไม่ดี
BT0849,Someone give an old man a hand.,1,ใครก็ได้ช่วยคนแก่ที
BT0850,Fet!,1,เฮอะ!
BT0851,Blech!,1,แหวะ!
BT0852,That's it!,1,นั่นแหละ!
BT0853,Time to end this.,1,ได้เวลาจบเรื่องนี้
BT0854,It's nothing personal.,1,ไม่ใช่เรื่องส่วนตัวหรอก
BT0855,Sorry to pile on!,1,ขอโทษที่ซ้ำเติม!
BT0856,Sloppy!,2,สะเพร่า!
BT0857,And for good measure!,1,เอาเพิ่มอีกหน่อย!
BT0858,HAHA!,3,ฮ่า ฮ่า!
BT0859,With years comes wisdom!,1,อายุมากย่อมมากด้วยปัญญา!
BT0860,Never claimed I was perfect!,1,ข้าไม่เคยบอกว่าตัวเองสมบูรณ์แบบ!
BT0861,Ah! Whoops!,1,อ๊ะ! พลาดแล้ว!
BT0862,WHAT?!,2,อะไรนะ?!
BT0863,NAAH!,1,อ๊าก!
BT0864,"Oh, that does it!",1,โอ้ แบบนี้พอที!
BT0865,Hold it right there!,2,หยุดอยู่ตรงนั้น!
BT0866,You're not getting past me!,1,เจ้าผ่านข้าไปไม่ได้!
BT0867,"Oh, the folly of youth.",1,โอ้ ความหุนหันของคนหนุ่มสาว
BT0868,Phew.,1,เฮ้อ
BT0869,"I'm planning on a long, long life.",1,ข้ายังตั้งใจจะอยู่อีกนานแสนนาน
BT0870,"Ah, reminds me of my youth.",1,อา ทำให้นึกถึงวัยหนุ่ม
BT0871,I feel as light as a feather.,1,รู้สึกเบาดั่งขนนก
BT0872,"Oh, now that feels good.",1,โอ้ รู้สึกดีจริง
BT0873,I'm setting a poor example.,1,ข้ากำลังเป็นตัวอย่างที่ไม่ดี
BT0874,"Sorry, young ones.",1,ขอโทษนะ พวกหนุ่มสาว
BT0875,Shia!,1,ชิยะ!
BT0876,I'll be using this.,1,ข้าจะใช้สิ่งนี้
BT0877,I've got my sights all set.,1,ข้าเล็งเป้าไว้แล้ว
BT0878,You're not getting away.,1,เจ้าหนีไม่พ้น
BT0879,I saw through that plain as day.,1,ข้ามองแผนเจ้าออกชัดเจน
BT0880,"So that's your weak spot, eh?",1,นั่นคือจุดอ่อนของเจ้าสินะ?
BT0881,I've got you marked.,1,ข้าหมายหัวเจ้าไว้แล้ว
BT0882,First things first.,1,อย่างแรกก่อน
BT0883,HIT!,1,โดน!
BT0884,I saw that.,1,ข้าเห็นนะ
BT0885,My specialty!,1,ของถนัดข้า!
BT0886,Nowhere to go.,1,ไม่มีที่ให้หนี
BT0887,Think you can take it?,1,คิดว่าจะรับไหวไหม?
BT0888,I'm only getting started.,1,ข้าเพิ่งเริ่มเท่านั้น
BT0889,Absolutely wonderful.,1,ยอดเยี่ยมจริง ๆ
BT0890,Excellent!,6,ยอดเยี่ยม!
BT0891,Consider it done.,1,ถือว่าเรียบร้อย
BT0892,I'm getting back into the hang of this.,1,ข้าเริ่มกลับมาเข้าที่แล้ว
BT0893,I'm not past my prime yet.,1,ข้ายังไม่เลยจุดสูงสุดหรอก
BT0894,For my lord.,1,เพื่อเจ้านายของข้า
BT0895,Every defense has a weakness.,1,ทุกการป้องกันย่อมมีจุดอ่อน
BT0896,I must find a way through.,1,ข้าต้องหาทางเจาะเข้าไป
BT0897,This is only temporary.,1,นี่เป็นเพียงชั่วคราว
BT0898,HUAH!,4,ฮึ่ย!
BT0899,Now submit!,1,ยอมจำนนซะ!
BT0900,Just so.,1,นั่นแหละ
BT0901,That hit the mark.,2,เข้าเป้า
BT0902,That looked painful.,1,ดูแล้วน่าจะเจ็บนะ
BT0903,What a waste.,2,น่าเสียดาย
BT0904,Die!,2,ตายซะ!
BT0905,No! Ah!,1,ไม่! อ๊าก!
BT0906,You dropped your guard.,1,เจ้าลดการป้องกันแล้ว
BT0907,I won't waste this chance.,1,ข้าจะไม่ปล่อยโอกาสนี้ไป
BT0908,Lackluster.,1,น่าผิดหวัง
BT0909,Is that all?,1,มีดีแค่นี้หรือ?
BT0910,Close!,1,เกือบไป!
BT0911,I may have need of you again.,1,ข้าอาจต้องใช้เจ้าอีก
BT0912,Now the fight begins.,1,การต่อสู้เริ่มขึ้นแล้ว
BT0913,"Now, see what I can do.",1,เอาล่ะ ดูฝีมือข้า
BT0914,I'll bring this to a close.,1,ข้าจะปิดฉากเรื่องนี้
BT0915,"My lord, I failed you.",1,นายท่าน ข้าทำให้ท่านผิดหวัง
BT0916,Be still.,1,อยู่นิ่ง ๆ
BT0917,Bask in your final moments.,1,ดื่มด่ำกับช่วงเวลาสุดท้ายของเจ้า
BT0918,Behold!,2,จงดู!
BT0919,This will lead us to victory.,1,สิ่งนี้จะนำเราไปสู่ชัยชนะ
BT0920,Are you well?,1,เจ้าไม่เป็นไรใช่ไหม?
BT0921,Deep breaths.,1,หายใจลึก ๆ
BT0922,War is a battle of wits.,1,สงครามคือการประลองปัญญา
BT0923,Your strategy must be refined.,1,กลยุทธ์ของเจ้าต้องปรับปรุง
BT0924,"Ah, so beautiful.",1,อา ช่างงดงาม
BT0925,The pain will end soon.,1,ความเจ็บปวดจะจบลงในไม่ช้า
BT0926,No true pain.,1,ไม่มีความเจ็บปวดแท้จริง
BT0927,"Hmm, hmm, hmm, hmm, hmm, hmm, hmm, hmm, hmm, hmm, hmm, hmm, hmm, hmm, hmm, hmm, hmm, hmm, hmm, hmm, hmm, hmm, hmm, hmm, hmm, hmm, hmm, hmm, hmm, hmm, hmm, hmm, hmm, hmm, hmm, hmm, hmm, hmm, hmm, hmm, hmm, hmm, hmm, hmm, hmm, hmm, hmm, hmm, hmm, hmm, hmm, hmm, hmm, hmm, hmm, hmm, hmm, hmm, hmm, hmm, hmm, hmm, hmm, hmm, hmm, hmm, hmm, hmm, hmm, hmm, hmm, hmm, hmm, hmm, hmm, hmm, hmm, hmm, hmm, hmm, hmm, hmm, hmm, hmm, hmm, hmm, hmm, hmm, hmm, hmm, hmm, hmm, hmm, hmm, hmm, hmm, hmm, hmm, hmm, hmm, hmm, hmm, hmm, hmm, hmm, hmm, hmm, hmm, hmm, hmm, hmm, hmm, hmm, hmm, hmm, hmm, hmm, hmm, hmm, hmm, hmm, hmm, hmm, hmm, hmm, hmm, hmm, hmm, hmm, hmm, hmm, hmm, hmm, hmm, hmm, hmm, hmm, hmm, hmm, hmm, hmm, hmm, hmm, hmm, hmm, hmm, hmm, hmm, hmm, hmm, hmm, hmm, hmm, hmm, hmm, hmm, hmm, hmm, hmm, hmm, hmm, hmm, hmm, hmm,",1,หึม หึม หึม...
BT0928,There is nowhere to run.,1,ไม่มีที่ให้หนี
BT0929,I shall try my level best.,1,ข้าจะพยายามให้ถึงที่สุด
BT0930,Let us pry out their weakness.,1,มาหาจุดอ่อนของพวกมันกัน
BT0931,There is no mercy on the battlefield.,1,สนามรบไม่มีความเมตตา
BT0932,I see a path to victory.,1,ข้ามองเห็นหนทางสู่ชัยชนะ
BT0933,This is troubling.,1,น่าหนักใจ
BT0934,I must find a way.,1,ข้าต้องหาทาง
BT0935,These foes are not to be trifled with.,1,ศัตรูพวกนี้ประมาทไม่ได้
BT0936,Victory is not yet out of reach.,1,ชัยชนะยังไม่ไกลเกินเอื้อม
BT0937,NOW!,5,ตอนนี้!
BT0938,Your defense is weak!,1,การป้องกันของเจ้าอ่อนแอ!
BT0939,You were overconfident.,1,เจ้ามั่นใจเกินไป
BT0940,You have nothing left.,1,เจ้าไม่เหลืออะไรแล้ว
BT0941,My stratagem is superior.,1,กลยุทธ์ของข้าเหนือกว่า
BT0942,I struck true.,1,ข้าโจมตีเข้าเป้า
BT0943,Follow my lead.,1,ตามข้ามา
BT0944,That seemed to work.,1,ดูเหมือนจะได้ผล
BT0945,Just as I planned.,1,เป็นไปตามแผน
BT0946,It cannot be.,1,เป็นไปไม่ได้
BT0947,I must take a different tack.,1,ข้าต้องเปลี่ยนแนวทาง
BT0948,My lord!,1,นายท่าน!
BT0949,You deserve this.,1,เจ้าสมควรโดนแบบนี้
BT0950,You've been deceived.,1,เจ้าถูกหลอกแล้ว
BT0951,Now.,1,ตอนนี้
BT0952,I anticipated that.,1,ข้าคาดไว้แล้ว
BT0953,You're an open book!,1,ข้าอ่านเจ้าออกหมด!
BT0954,"You came, you missed.",1,เจ้ามาแล้วก็พลาด
BT0955,I will remember this.,1,ข้าจะจำเรื่องนี้ไว้
BT0956,This will be of great use.,1,นี่จะมีประโยชน์มาก
BT0957,My utmost thanks.,1,ขอขอบคุณอย่างสูง
BT0958,Splendid.,2,ยอดเยี่ยม
BT0959,Your judgment is sound.,1,การตัดสินใจของเจ้าถูกต้อง
BT0960,I shall make use of this.,1,ข้าจะใช้สิ่งนี้ให้เป็นประโยชน์
BT0961,My intuition was mistaken.,1,สัญชาตญาณของข้าผิดไป
BT0962,Lord Saranoa.,1,ท่านเซเรโนอา
BT0963,I'm afraid this may hurt.,1,เกรงว่านี่จะเจ็บนะ
BT0964,Let us reverse our fortunes.,1,มาพลิกสถานการณ์กัน
BT0965,This should do.,2,แบบนี้น่าจะได้
BT0966,All for victory.,1,ทุกอย่างเพื่อชัยชนะ
BT0967,I have your back.,2,ข้าคอยหนุนหลังเจ้า
BT0968,There is always a way.,1,ย่อมมีหนทางเสมอ
BT0969,This will serve well.,1,สิ่งนี้จะใช้ได้ดี
BT0970,We must stay vigilant.,1,เราต้องระวังตัวอยู่เสมอ
BT0971,Let us steal our defenses.,1,มาเสริมการป้องกันของเรากัน
BT0972,It is time to strike.,1,ถึงเวลาโจมตี
BT0973,Preparation is key.,1,การเตรียมพร้อมคือกุญแจสำคัญ
BT0974,This is our chance.,1,นี่คือโอกาสของเรา
BT0975,We must move fast.,1,เราต้องรีบ
BT0976,A brief respite.,1,พักสักครู่
BT0977,Stay composed.,1,ตั้งสติไว้
BT0978,We make it up here.,1,เราจะชดเชยตรงนี้
BT0979,This must work.,1,ต้องได้ผล
BT0980,Tomorrow is a new day.,1,พรุ่งนี้คือวันใหม่
BT0981,I see the threads of battle more clearly.,1,ข้ามองเส้นทางของการต่อสู้ชัดเจนขึ้น
BT0982,For the future of House Wulford.,1,เพื่ออนาคตแห่งตระกูลวูลฟอร์ต
BT0983,My knowledge grows deeper.,1,ความรู้ของข้าลึกซึ้งขึ้น
BT0984,The honor is mine.,1,เป็นเกียรติของข้า
BT0985,Never stop learning.,1,อย่าหยุดเรียนรู้
BT0986,All for the young Lord.,1,ทุกอย่างเพื่อคุณหนู
BT0987,"Ah, right then.",1,อา ได้สิ
BT0988,"What to do, what to do.",1,จะทำอะไรดี จะทำอะไรดี
BT0989,"Ah, tricky.",1,อา ยุ่งยากจริง
BT0990,Did I take on too much?,1,ข้ารับมือมากเกินไปหรือ?
BT0991,didn't account for this.,1,ข้าไม่ได้คำนึงถึงเรื่องนี้
BT0992,My body.,1,ร่างกายของข้า...
BT0993,Heeyah!,1,เฮ้ย่า!
BT0994,You're finished!,5,เจ้าจบแล้ว!
BT0995,Efficiency is key.,1,ประสิทธิภาพคือสิ่งสำคัญ
BT0996,Exploit their weakness!,1,เล่นงานจุดอ่อนของพวกมัน!
BT0997,Scratch my back. I'll scratch yours.,1,ช่วยข้า แล้วข้าจะช่วยเจ้า
BT0998,Exactly as planned.,1,เป็นไปตามแผนเป๊ะ
BT0999,No use?,1,ไม่ได้ผลหรือ?
BT1000,Time to switch tactics.,1,ได้เวลาเปลี่ยนกลยุทธ์
BT1001,Agh! Agh!,1,อั่ก! อั่ก!
BT1002,Now it's my turn!,1,ตอนนี้ตาข้าแล้ว!
BT1003,"Phew, thank you.",1,เฮ้อ ขอบคุณ
BT1004,"Yes, that'll help.",1,ใช่ แบบนั้นช่วยได้
BT1005,Very good.,5,ดีมาก
BT1006,Let's give this a shot.,1,ลองดูสักตั้ง
BT1007,H U U U U U U U U U U U U U U U U U U U U U U U U U U U U U U U U U U U U U U U U U U U U U U U U U U U U U U U U U U U U U U U U U U U U U U U U U U U U U U U U U U U U U U U U U U U U U U U U U U U U U U U U U U U U U U U U U U U U U U U U U U U U U U U U U U U U U U U U U U U U U U U U U U U U U U U U U U U U U U U U U U U U U U U U U U U U U U U U U U U U U U U U U U U U U U U U U U U U U U U U U U U U U U U U U U U U U U U U U U U U U U U U U U U U U U U U U U U U U U U U U U U U U U U U U U U U U U U U U U U U U U U U U U U U U U U U U U U U U U U U U U U U U U U U U U U U U U U U U U U U U U U U U U U U U U U U U U U U U U U U U U U U U U U U U U U U U U U U U U U U U U U U U U U U U U U U U U U U U U U U U U U U U U U U U U U U U U U U U U U U U U U U U U U U U U U U U U U U U U U U U U U U U U U U U U U U U U U U U U U U U U U U U U U U U U U U U U U U U U U U U U U,1,ฮู่ววว!
BT1008,You want to see what I can do?,1,อยากเห็นว่าข้าทำอะไรได้ไหม?
BT1009,This may hurt.,1,นี่อาจเจ็บนะ
BT1010,I can hold my own in a fight.,1,ข้าดูแลตัวเองในสนามรบได้
BT1011,This is for the have-nots.,1,นี่เพื่อคนที่ไม่มีอะไร
BT1012,"Now then, to work.",1,เอาล่ะ ได้เวลาทำงาน
BT1013,Where was I?,1,ข้าทำถึงไหนแล้วนะ?
BT1014,"So, it falls to me.",1,ดูเหมือนต้องเป็นข้า
BT1015,Time for some research.,1,ได้เวลาวิจัย
BT1016,Are we not finished?,1,ยังไม่จบอีกหรือ?
BT1017,Steady now.,1,ใจเย็นไว้
BT1018,Wouldn't mind a potion.,1,อยากได้ยาสักขวด
BT1019,I'll be fine.,1,ข้าจะไม่เป็นไร
BT1020,My models were off.,1,แบบจำลองของข้าคลาดเคลื่อน
BT1021,BEGONE!,2,ไปให้พ้น!
BT1022,We're done here!,1,จบกันตรงนี้!
BT1023,Following up!,1,ตามซ้ำ!
BT1024,Have another!,5,รับไปอีกที!
BT1025,Most interesting.,1,น่าสนใจมาก
BT1026,"Yes, very effective.",1,ใช่ ได้ผลดีมาก
BT1027,You're joking!,1,ล้อเล่นน่า!
BT1028,That didn't work.,1,ไม่ได้ผล
BT1029,D'UGH!,1,อั่ก!
BT1030,My calculations were correct.,1,การคำนวณของข้าถูกต้อง
BT1031,Thought you might.,1,คิดแล้วว่าเจ้าต้องทำ
BT1032,Now's my chance.,1,ตอนนี้คือโอกาสของข้า
BT1033,Have it your way.,1,ตามใจเจ้า
BT1034,That was close!,1,เกือบไป!
BT1035,Most appreciated.,1,ขอบคุณมาก
BT1036,Much better.,1,ดีขึ้นมาก
BT1037,That certainly helps.,1,ช่วยได้มากทีเดียว
BT1038,This shall be a boon!,1,นี่จะเป็นประโยชน์อย่างยิ่ง!
BT1039,Just what I needed.,1,นี่แหละที่ข้าต้องการ
BT1040,Not like this.,1,จะจบแบบนี้ไม่ได้
BT1041,But... my research...,1,แต่... งานวิจัยของข้า...
BT1042,Hmm.,2,อืม
BT1043,Casting!,1,ร่ายเวท!
BT1044,Defense is paramount.,1,การป้องกันสำคัญที่สุด
BT1045,There is no escape.,1,ไม่มีทางหนี
BT1046,Do your worst.,1,เข้ามาให้เต็มที่
BT1047,Ready to attack.,1,พร้อมโจมตี
BT1048,I'll stay their feet.,1,ข้าจะตรึงเท้าพวกมันไว้
BT1049,Freeze!,2,แข็งเป็นน้ำแข็งซะ!
BT1050,Run them through!,1,แทงให้ทะลุ!
BT1051,"Shield us, Frigid Winds!",1,สายลมเยือกแข็ง โปรดคุ้มครองเรา!
BT1052,You'll be fine.,1,เจ้าจะไม่เป็นไร
BT1053,I see through you.,1,ข้ามองเจ้าออก
BT1054,I do not miss.,1,ข้าไม่พลาด
BT1055,If I take your mobility...,1,ถ้าข้าจำกัดการเคลื่อนไหวของเจ้า...
BT1056,That's far enough.,1,พอแค่นั้น
BT1057,Let me cause some trouble.,1,ให้ข้าสร้างปัญหาสักหน่อย
BT1058,This is everything I've got!,1,นี่คือทุกอย่างที่ข้ามี!
BT1059,Come no closer.,1,อย่าเข้ามาใกล้
BT1060,A cold wind blows.,1,สายลมเย็นพัดมา
BT1061,Another approach.,1,ลองอีกวิธี
BT1062,Ice wall!,1,กำแพงน้ำแข็ง!
BT1063,I'll seal them off.,1,ข้าจะปิดทางพวกมัน
BT1064,This is quite the discovery.,1,ช่างเป็นการค้นพบที่น่าสนใจ
BT1065,The results are in and excellent!,1,ผลออกมาแล้ว ยอดเยี่ยม!
BT1066,My research bears fruit.,1,งานวิจัยของข้าออกผลแล้ว
BT1067,to further the arcane arts.,1,เพื่อพัฒนาศาสตร์แห่งเวทมนตร์
BT1068,Moving out.,1,เคลื่อนพล
BT1069,I'm not yet satisfied.,1,ข้ายังไม่พอใจ
BT1070,My debt is not yet repaid.,1,หนี้ของข้ายังไม่ได้ชำระ
BT1071,If it's a fight you want.,1,ถ้าเจ้าอยากสู้
BT1072,Curses! What's going on?,1,บ้าเอ๊ย! เกิดอะไรขึ้น?
BT1073,You traitors!,1,พวกคนทรยศ!
BT1074,Oh no.,1,ไม่นะ
BT1075,You won't get away with this!,1,พวกเจ้าจะไม่ได้ลอยนวล!
BT1076,Away!,2,ไปให้พ้น!
BT1077,You asked for this!,1,เจ้าหาเรื่องเองนะ!
BT1078,I won't fall here!,1,ข้าจะไม่ล้มตรงนี้!
BT1079,Die already!,1,ตายสักที!
BT1080,And another!,1,อีกที!
BT1081,That seemed to do the trick.,1,ดูเหมือนจะได้ผล
BT1082,Time to change tactics.,1,ได้เวลาเปลี่ยนกลยุทธ์
BT1083,GAAAGH!,1,อ๊ากก!
BT1084,If you insist!,2,ถ้าเจ้ายืนยัน!
BT1085,What was that?,1,นั่นอะไร?
BT1086,Not this time!,3,คราวนี้ไม่!
BT1087,Apologies for the imposition.,1,ขออภัยที่รบกวน
BT1088,Good. Very good.,1,ดี ดีมาก
BT1089,I'll make good use of this.,1,ข้าจะใช้สิ่งนี้ให้คุ้ม
BT1090,The tide is in my favor.,1,สถานการณ์เข้าข้างข้า
BT1091,This cannot be...,1,เป็นไปไม่ได้...
BT1092,No! Not this way!,1,ไม่! จะจบแบบนี้ไม่ได้!
BT1093,Don't underestimate me!,1,อย่าดูถูกข้า!
BT1094,You won't live to regret this.,1,เจ้าจะไม่มีชีวิตไปเสียใจ
BT1095,You are not worthy of my time.,1,เจ้าไม่คู่ควรกับเวลาของข้า
BT1096,Realize the gulf between our skills.,1,จงตระหนักถึงความต่างของฝีมือเรา
BT1097,How annoying.,1,น่ารำคาญจริง
BT1098,A pathetic state I'm in.,1,ข้าช่างตกอยู่ในสภาพน่าสมเพช
BT1099,This is nothing.,2,แค่นี้ไม่เป็นไร
BT1100,What dirty tricks.,1,กลอุบายสกปรกจริง
BT1101,KRAH!,1,ย๊าก!
BT1102,I deliver you to the Goddess!,1,ข้าจะส่งเจ้าไปหาเทพธิดา!
BT1103,I see your every opening.,1,ข้ามองเห็นทุกช่องโหว่ของเจ้า
BT1104,By her grace!,1,ด้วยพระเมตตาของนาง!
BT1105,My aid is yours.,1,ข้าจะช่วยเจ้า
BT1106,There's no joy in an easy victory.,1,ชัยชนะที่ง่ายเกินไปไม่น่าสนุก
BT1107,This was destined to occur!,1,เรื่องนี้ถูกกำหนดไว้แล้ว!
BT1108,Pitiful.,1,น่าสมเพช
BT1109,Interesting.,1,น่าสนใจ
BT1110,You brute!,1,ไอ้คนป่าเถื่อน!
BT1111,You'll have to do better.,1,ต้องทำได้ดีกว่านี้
BT1112,Allow me to show you.,1,ให้ข้าแสดงให้ดู
BT1113,Not this time.,1,คราวนี้ไม่
BT1114,You thought wrong.,1,เจ้าคิดผิดแล้ว
BT1115,Ha ha!,5,ฮ่า ฮ่า!
BT1116,My wounds are soothed.,1,บาดแผลของข้าทุเลาลงแล้ว
BT1117,The fight continues.,1,การต่อสู้ยังดำเนินต่อ
BT1118,This will do nicely.,1,นี่ใช้ได้ดีเลย
BT1119,I won't waste this boon.,1,ข้าจะไม่ปล่อยพรนี้เสียเปล่า
BT1120,I'll take it from here.,2,ต่อจากนี้ข้าจัดการเอง
BT1121,No. Inconceivable.,1,ไม่ เป็นไปไม่ได้
BT1122,Does the goddess forsake me?,1,เทพธิดาทอดทิ้งข้าหรือ?
BT1123,It ends here.,5,จบกันตรงนี้
BT1124,Make your peace.,1,เตรียมใจตายซะ
BT1125,Your lifeblood shall paint my sword.,1,เลือดของเจ้าจะย้อมดาบข้า
BT1126,HUUUAAAGH!,1,อ๊ากกก!
BT1127,My eyes see clearly.,1,ดวงตาของข้ามองเห็นชัดเจน
BT1128,Victory is mine to take!,1,ชัยชนะเป็นของข้า!
BT1129,The battle is mine!,1,ศึกนี้เป็นของข้า!
BT1130,Kneel before me!,1,คุกเข่าต่อหน้าข้า!
BT1131,All shall yield before me.,1,ทุกคนต้องยอมจำนนต่อข้า
BT1132,I've been waiting for this!,1,ข้ารอจังหวะนี้อยู่!
BT1133,Come at me!,1,เข้ามา!
BT1134,I'll take you on!,1,ข้าจะรับมือเจ้าเอง!
BT1135,It's only a flesh wound.,1,ก็แค่แผลถลอก
BT1136,That all you got?,1,มีดีแค่นี้รึ?
BT1137,Ha! That tickled!,1,ฮ่า! แค่คันนิดหน่อย!
BT1138,I'll show you what I'm made of.,1,ข้าจะแสดงให้เห็นว่าข้าทำอะไรได้
BT1139,This ain't ideal.,1,สถานการณ์ไม่ค่อยดี
BT1140,Hrrah!,1,ฮึ่ย!
BT1141,Hurrah!,1,ไชโย!
BT1142,DAAAGH!,1,อ๊ากก!
BT1143,You're done!,1,เจ้าจบแล้ว!
BT1144,Time to die!,1,ได้เวลาตาย!
BT1145,Just die already!,1,ตายสักที!
BT1146,"Hurts, don't it?",1,เจ็บใช่ไหมล่ะ?
BT1147,The hell?!,1,อะไรวะ?!
BT1148,Not even a scratch.,1,ไม่มีแม้แต่รอยขีดข่วน
BT1149,NUAAAGH!,1,อ๊ากก!
BT1150,C'mon!,1,เข้ามา!
BT1151,This can't be!,1,เป็นไปไม่ได้!
BT1152,You've done it now!,1,เจ้าทำให้ข้าเอาจริงแล้ว!
BT1153,Ha! Not quite.,1,ฮ่า! ยังไม่พอ
BT1154,Thought you had me?,2,คิดว่าจัดการข้าได้แล้วหรือ?
BT1155,Nice try!,4,เกือบดี!
BT1156,I ain't that slow!,1,ข้าไม่ได้ช้าขนาดนั้น!
BT1157,I owe ya.,1,ข้าติดหนี้เจ้า
BT1158,That's the stuff!,1,นี่แหละของดี!
BT1159,That'll do!,1,เท่านี้ก็พอ!
BT1160,"Aye, I'll keep on then.",1,เออ ข้ายังไปต่อได้
BT1161,We'll get him yet.,1,เราจะจัดการมันได้
BT1162,I thought I had him.,1,นึกว่าจัดการมันได้แล้ว
BT1163,My lord.,1,นายท่าน
BT1164,Nyaaah!,1,เนี๊ยวว!
BT1165,Enjoy!,1,รับไป!
BT1166,Outta my way!,2,หลีกไป!
BT1167,Get back!,1,ถอยไป!
BT1168,You're in the way!,1,เกะกะ!
BT1169,You alright?,1,ไม่เป็นไรใช่ไหม?
BT1170,This ain't nothing.,2,แค่นี้ไม่เท่าไร
BT1171,House Wolfort won't lose.,1,ตระกูลวูลฟอร์ตจะไม่แพ้
BT1172,Ain't much of a wound.,1,แผลแค่นี้ไม่เท่าไร
BT1173,Push on through!,1,ลุยต่อไป!
BT1174,It ain't nothing.,1,ไม่เป็นอะไร
BT1175,Look to my shield!,1,มองที่โล่ของข้า!
BT1176,Rawr!,2,กรร!
BT1177,A test of strength!,1,มาวัดกำลังกัน!
BT1178,Show me what you're made of.,1,แสดงให้ข้าเห็นว่าเจ้ามีดีอะไร
BT1179,TO VICTORY!,1,สู่ชัยชนะ!
BT1180,I'll give it all I've got!,1,ข้าจะทุ่มสุดกำลัง!
BT1181,This fight is mine!,1,ศึกนี้เป็นของข้า!
BT1182,I'll be your shield!,1,ข้าจะเป็นโล่ให้เจ้า!
BT1183,I'll draw him in!,1,ข้าจะล่อมันเอง!
BT1184,You'll have to get through me!,1,ถ้าจะผ่าน ต้องผ่านข้าไปก่อน!
BT1185,I'll cover for ya!,1,ข้าจะคุ้มกันให้!
BT1186,Come and get me!,1,เข้ามาหาข้าสิ!
BT1187,Got something up my sleeve.,1,ข้ามีลูกเล่นซ่อนอยู่
BT1188,I love the battlefield!,1,ข้ารักสนามรบ!
BT1189,Look at me learning.,1,ดูข้าเรียนรู้สิ
BT1190,To battle with pleasure.,1,ยินดีที่ได้เข้าสู่สนามรบ
BT1191,Ready and willing.,1,พร้อมเสมอ
BT1192,Practice makes perfect.,1,ฝึกฝนทำให้สมบูรณ์แบบ
BT1193,Ha ha! Ain't no way I'd lose.,1,ฮ่า ฮ่า! ข้าไม่มีวันแพ้หรอก
BT1194,I stand ready.,1,ข้าพร้อมแล้ว
BT1195,Are you in need?,1,ต้องการความช่วยเหลือไหม?
BT1196,At your command.,2,ตามคำสั่ง
BT1197,My time has come.,1,เวลาของข้ามาถึงแล้ว
BT1198,I yet stand.,1,ข้ายังยืนอยู่
BT1199,Pathetic.,1,น่าสมเพช
BT1200,Who needs my shield?,1,ใครต้องการโล่ของข้า?
BT1201,I fight on.,1,ข้าจะสู้ต่อ
BT1202,Sigh.,1,เฮ้อ
BT1203,MOVE ASIDE!,1,หลีกไป!
BT1204,Outta the way!,1,ออกไปจากทาง!
BT1205,Yield!,1,ยอมแพ้ซะ!
BT1206,Here you fall!,1,เจ้าจะล้มลงตรงนี้!
BT1207,Got you now!,1,จับเจ้าได้แล้ว!
BT1208,On it!,1,รับทราบ!
BT1209,Taste my shield!,1,ชิมโล่ข้าดู!
BT1210,I am at your back!,1,ข้าอยู่ด้านหลังเจ้า!
BT1211,"Painful, wasn't it?",1,เจ็บใช่ไหม?
BT1212,Curses!,3,บ้าเอ๊ย!
BT1213,God.,1,พระเจ้า...
BT1214,Your defense is shabby.,1,การป้องกันของเจ้าหละหลวม
BT1215,Repaid and kind.,1,ข้าจะตอบแทนอย่างสาสม
BT1216,This is far from over!,1,ยังไม่จบแค่นี้!
BT1217,You got careless!,1,เจ้าประมาทแล้ว!
BT1218,That was most welcome.,1,นี่ช่วยได้มาก
BT1219,Well done.,4,ทำได้ดี
BT1220,My wounds are healed.,1,บาดแผลของข้าหายแล้ว
BT1221,Power stirs within me.,1,พลังเอ่อล้นอยู่ในตัวข้า
BT1222,My shield is broken.,1,โล่ของข้าแตกแล้ว
BT1223,I... admit defeat.,1,ข้า...ยอมรับความพ่ายแพ้
BT1224,This will serve.,1,สิ่งนี้ใช้ได้
BT1225,En garde!,3,เตรียมดาบ!
BT1226,"Try me, if you dare!",1,กล้าก็ลองดู!
BT1227,Hardening my defense!,1,เสริมการป้องกัน!
BT1228,I won't stand for it!,1,ข้ายอมไม่ได้!
BT1229,I have to do something!,1,ข้าต้องทำอะไรสักอย่าง!
BT1230,OUTTA MY WAY!,1,หลีกไป!
BT1231,You dare test my shield!,1,กล้าทดสอบโล่ของข้าหรือ!
BT1232,It'll take more than that!,1,แค่นี้ยังไม่พอ!
BT1233,I shall protect one and all!,1,ข้าจะปกป้องทุกคน!
BT1234,I am your shield.,2,ข้าคือโล่ของเจ้า
BT1235,I will carry you!,1,ข้าจะพาเจ้าไปเอง!
BT1236,None may pass!,1,ไม่มีใครผ่านไปได้!
BT1237,I shall reach greater heights!,1,ข้าจะขึ้นไปให้สูงกว่านี้!
BT1238,I've mastered something new.,1,ข้าเชี่ยวชาญสิ่งใหม่แล้ว
BT1239,My work bears fruit.,1,ผลงานของข้าออกผล
BT1240,Give me strength.,1,โปรดมอบพลังให้ข้า
BT1241,At once!,1,ทันที!
BT1242,My shield is impregnable!,1,โล่ของข้าไร้เทียมทาน!
BT1243,I see I've more to fight for!,1,ดูเหมือนข้ายังมีเหตุให้สู้ต่อ!
BT1244,May I live up to that name?,1,ขอให้ข้าคู่ควรกับชื่อนั้น
BT1245,"If you wish to meet your end, then so be it.",1,หากเจ้าปรารถนาจุดจบ ก็เอาตามนั้น
BT1246,I shall lead Esfrost to glory.,1,ข้าจะนำเอสฟรอสต์สู่ความรุ่งโรจน์
BT1247,I shall show you what it means to be Archduke.,1,ข้าจะแสดงให้เห็นความหมายของการเป็นอาร์ชดยุค
BT1248,You impudent wretches!,1,พวกสารเลวโอหัง!
BT1249,You haven't bested me yet.,1,เจ้ายังเอาชนะข้าไม่ได้
BT1250,Crisis begets greatness.,1,วิกฤตย่อมนำมาซึ่งความยิ่งใหญ่
BT1251,What trickery is this?,1,กลอุบายอะไรนี่?
BT1252,"Ugh, such underhanded tactics.",1,อึก กลอุบายสกปรกจริง
BT1253,Your scars will show!,1,บาดแผลของเจ้าจะเป็นรอยจำ!
BT1254,Lavish me with your screams!,1,มอบเสียงกรีดร้องให้ข้าสิ!
BT1255,Begone from my sight!,1,ไปให้พ้นสายตาข้า!
BT1256,Such simple minds.,1,ความคิดช่างตื้นเขิน
BT1257,Pure foolishness.,1,โง่เขลาอย่างแท้จริง
BT1258,The rest will be easy.,1,ที่เหลือก็ง่ายแล้ว
BT1259,A small setback.,1,แค่ถอยไปเล็กน้อย
BT1260,No matter.,1,ไม่เป็นไร
BT1261,Impossible!,2,เป็นไปไม่ได้!
BT1262,Receive your punishment.,1,รับโทษของเจ้าไป
BT1263,Give me a challenge.,1,มอบความท้าทายให้ข้าหน่อย
BT1264,You serve me well.,1,เจ้ารับใช้ข้าได้ดี
BT1265,I fear neither fire nor steel.,1,ข้าไม่กลัวทั้งไฟและเหล็ก
BT1266,Does it end here?,1,จะจบตรงนี้หรือ?
BT1267,Meet my challenge.,1,รับคำท้าของข้า
BT1268,Suffer the rage of Esfrost!,1,รับความพิโรธแห่งเอสฟรอสต์!
BT1269,Be honored to die by my hand.,1,จงเป็นเกียรติที่ได้ตายด้วยมือข้า
BT1270,Let the cold overtake you.,1,ปล่อยให้ความหนาวกลืนกินเจ้า
BT1271,Your lifeblood chills.,1,เลือดในกายเจ้ากำลังเย็นเยียบ
BT1272,Die with dignity.,1,ตายอย่างมีศักดิ์ศรีซะ
BT1273,One of us falls today.,1,วันนี้หนึ่งในเราต้องล้ม
BT1274,Esfrost shall not falter.,1,เอสฟรอสต์จะไม่สั่นคลอน
BT1275,Egooom!,1,อึกกุม!
BT1276,You know too much!,1,เจ้ารู้มากเกินไป!
BT1277,Your lives are forfeit!,1,ชีวิตของพวกเจ้าถูกริบแล้ว!
BT1278,Grrrr!,2,กรรร!
BT1279,You haven't won yet!,1,เจ้ายังไม่ชนะ!
BT1280,You will suffer from us!,1,เจ้าจะต้องทรมานเพราะเรา!
BT1281,Hmm! Grrrr!,1,หึม! กรรร!
BT1282,Yes! Thane!,1,ใช่! เทน!
BT1283,Ruff!,2,โฮ่ง!
BT1284,DESOLENCE YOU!,1,ข้าจะทำลายเจ้า!
BT1285,Hasn't ever!,1,ไม่เคยมีมาก่อน!
BT1286,For more!,1,เอาอีก!
BT1287,ATTENTION!,1,ระวัง!
BT1288,Oh shit!,1,บ้าเอ๊ย!
BT1289,Does it hurt?,1,เจ็บไหม?
BT1290,I see.,1,เข้าใจแล้ว
BT1291,Go!,2,ไป!
BT1292,BEGON'S POLITICS!,1,เรื่องการเมืองของเบกอน!
BT1293,"Wah, wah, wah!",1,ว้า ว้า ว้า!
BT1294,"Ha, ha, ha, ha, ha, ha, ha, ha!",1,ฮ่า ฮ่า ฮ่า ฮ่า ฮ่า ฮ่า ฮ่า ฮ่า!
BT1295,You must be punished!,1,เจ้าต้องถูกลงโทษ!
BT1296,"You haven't got to, Raph!",1,เจ้าไม่จำเป็นต้องทำหรอก ราฟ!
BT1297,Let me suffice!,1,ให้ข้าจัดการเอง!
BT1298,Let him have no fear!,1,อย่าให้เขาต้องกลัว!
BT1299,Stop!,2,หยุด!
BT1300,Return to nothingness!,1,กลับสู่ความว่างเปล่าซะ!
BT1301,Come here!,1,มานี่!
BT1302,Uwaaah!,1,อ๊ากก!
BT1303,No workers cannot sell me!,1,ไม่มีแรงงานคนใดขายข้าได้!
BT1304,RECEIVE HER BLESSING!,1,รับพรของนางไป!
BT1305,Follow me!,1,ตามข้ามา!
BT1306,"Hit me, my puppets!",1,โจมตีข้า เจ้าหุ่นเชิด!
BT1307,Tell you that judgment unto my heathens!,1,จงรับคำพิพากษา พวกคนนอกรีต!
BT1308,TRUMBLE AND FEAR!,1,จงสั่นกลัว!
BT1309,The goddess is with me!,1,เทพธิดาอยู่กับข้า!
BT1310,I am absolute!,1,ข้าคือผู้สูงสุด!
BT1311,Poison is eternal!,1,พิษคือนิรันดร์!
BT1312,Come!,1,มา!
BT1313,Stand against Hyzant and be buried!,1,ผู้ต่อต้านไฮแซนต์จะถูกฝัง!
BT1314,Your end is nigh.,1,จุดจบของเจ้าใกล้เข้ามาแล้ว
BT1315,There shall be no mercy!,1,จะไม่มีความเมตตา!
BT1316,The goddess seethes.,1,เทพธิดากำลังพิโรธ
BT1317,I still stand.,1,ข้ายังยืนอยู่
BT1318,"Goddess, heed my call!",1,เทพธิดา โปรดฟังเสียงข้า!
BT1319,The time for play is over!,1,เวลาล้อเล่นจบแล้ว!
BT1320,HOOF!,1,ฮึบ!
BT1321,Breathe your last!,2,สูดลมหายใจสุดท้ายซะ!
BT1322,A fortuitous opening!,1,ช่างเป็นช่องว่างที่เหมาะเจาะ!
BT1323,There is no escape!,1,ไม่มีทางหนี!
BT1324,This is where you fall.,1,เจ้าจะล้มตรงนี้
BT1325,A pity!,1,น่าเสียดาย!
BT1326,Curse you!,1,ขอสาปเจ้า!
BT1327,I am smarter than this!,1,ข้าฉลาดกว่านี้!
BT1328,NGGH!,1,อึ่ก!
BT1329,What insolence!,1,ช่างโอหัง!
BT1330,Enough!,6,พอได้แล้ว!
BT1331,Allow me!,1,ให้ข้าจัดการ!
BT1332,Hup!,2,ฮึบ!
BT1333,Prepare to meet your end!,1,เตรียมพบจุดจบของเจ้า!
BT1334,The goddess smiles upon me.,1,เทพธิดาทรงยิ้มให้ข้า
BT1335,Yes.,2,ใช่
BT1336,For the Goddess!,1,เพื่อเทพธิดา!
BT1337,This cannot be!,1,เป็นไปไม่ได้!
BT1338,Hoi-yaa!,1,ฮอยย่า!
BT1339,DIE!,4,ตายซะ!
BT1340,Swallow them whole!,1,กลืนพวกมันให้หมด!
BT1341,I am here!,1,ข้าอยู่นี่!
BT1342,This is the goddess's blessing!,1,นี่คือพรของเทพธิดา!
BT1343,The Holy One awaits!,1,องค์ศักดิ์สิทธิ์กำลังรออยู่!
BT1344,I shall put an end to this heresy!,1,ข้าจะยุติความนอกรีตนี้!
BT1345,"Oh, goddess!",1,โอ้ เทพธิดา!
BT1346,Protect us!,1,ปกป้องเรา!
BT1347,You are going nowhere!,1,เจ้าไปไหนไม่ได้!
BT1348,"Oh, ho, ho, ho, ho, ho.",1,โอ้ โฮ โฮ โฮ โฮ โฮ
BT1349,Just you wait.,1,คอยดูเถอะ
BT1350,For my people!,1,เพื่อประชาชนของข้า!
BT1351,I have to do this.,1,ข้าต้องทำสิ่งนี้
BT1352,Is this it for me?,1,นี่คือจุดจบของข้าหรือ?
BT1353,Is all hope lost?,1,หมดความหวังแล้วหรือ?
BT1354,Please help me.,1,ช่วยข้าด้วย
BT1355,T'ya!,1,ฮึยะ!
BT1356,It's over!,2,จบแล้ว!
BT1357,It didn't work!,2,ไม่ได้ผล!
BT1358,FUGGH!,1,อั่ก!
BT1359,Baaah!,1,อ๊าก!
BT1360,You're not getting away!,1,เจ้าหนีไม่พ้น!
BT1361,Now's my chance!,2,ตอนนี้คือโอกาสของข้า!
BT1362,I still have some fight in me.,1,ข้ายังมีแรงสู้อยู่
BT1363,I shall not be defeated.,1,ข้าจะไม่ถูกโค่น
BT1364,I'll put this to good use.,1,ข้าจะใช้สิ่งนี้ให้คุ้ม
BT1365,It wasn't supposed to end like this.,1,มันไม่ควรจบแบบนี้
BT1366,They... they got me.,1,พวกมัน...จัดการข้าได้
BT1367,Pierce through!,1,แทงทะลุไป!
BT1368,Never underestimate a rosellin!,1,อย่าดูถูกโรเซลล์เด็ดขาด!
BT1369,I won't hold anything back!,1,ข้าจะไม่ออมมือ!
BT1370,This is everything I've got.,1,นี่คือทั้งหมดที่ข้ามี
BT1371,This war is senseless.,1,สงครามนี้ไร้ความหมาย
BT1372,Time to take action.,1,ได้เวลาลงมือ
BT1373,Strike while the iron's hot.,1,ตีตอนเหล็กร้อน
BT1374,I'm not done yet.,1,ข้ายังไม่จบ
BT1375,I still have so much left to do.,1,ข้ายังมีอีกมากที่ต้องทำ
BT1376,I can withstand this.,1,ข้าทนไหว
BT1377,Can't hold out much longer.,1,ทนต่อไปไม่ไหวแล้ว
BT1378,I must carry on.,1,ข้าต้องไปต่อ
BT1379,Chia!,1,ชิยะ!
BT1380,See ya!,1,ลาก่อน!
BT1381,We're not done here!,1,เรายังไม่จบ!
BT1382,Perfect!,2,สมบูรณ์แบบ!
BT1383,Right on target!,1,เข้าเป้าเต็ม ๆ!
BT1384,Why?,1,ทำไม?
BT1385,Right back at you!,1,เอาคืนไป!
BT1386,You'll pay for that!,1,เจ้าต้องชดใช้!
BT1387,Ha! Got you!,1,ฮ่า! จับได้แล้ว!
BT1388,You're open!,2,เปิดช่องแล้ว!
BT1389,It's no use.,1,ไม่มีประโยชน์
BT1390,My thanks.,4,ขอบคุณ
BT1391,That's much better.,1,ดีขึ้นมาก
BT1392,Appreciate it.,3,ขอบใจนะ
BT1393,That's a big help.,3,ช่วยได้มากเลย
BT1394,I'll be of whatever service I can.,1,ข้าจะช่วยเท่าที่ช่วยได้
BT1395,I'm sorry.,1,ขอโทษ
BT1396,I didn't mean to let you down.,1,ข้าไม่ได้ตั้งใจทำให้ผิดหวัง
BT1397,How do you like that?,1,เป็นไงล่ะ?
BT1398,This should do it!,2,แบบนี้น่าจะได้!
BT1399,No holding back!,1,ไม่ออมมือ!
BT1400,We can do this!,2,เราทำได้!
BT1401,This is far from over.,1,ยังไม่จบแค่นี้
BT1402,I've got this.,1,ข้าจัดการได้
BT1403,Leave it to me!,4,ฝากไว้กับข้า!
BT1404,I must trust in myself.,1,ข้าต้องเชื่อในตัวเอง
BT1405,Let's do this!,1,ลุยกันเลย!
BT1406,You've got this!,1,เจ้าทำได้!
BT1407,Must endure.,1,ต้องอดทนไว้
BT1408,I trust in you.,1,ข้าเชื่อใจเจ้า
BT1409,I will do what I can.,1,ข้าจะทำเท่าที่ทำได้
BT1410,I'll hold fast here.,1,ข้าจะยืนหยัดตรงนี้
BT1411,Defeat is not an option!,1,พ่ายแพ้ไม่ได้!
BT1412,Stand firm!,1,ยืนหยัดไว้!
BT1413,Will this work?,1,แบบนี้จะได้ผลไหม?
BT1414,You've made me angry.,1,เจ้าทำให้ข้าโกรธแล้ว
BT1415,Just tell me what to do.,1,บอกข้ามาว่าต้องทำอะไร
BT1416,ever to serve my Lord.,1,พร้อมรับใช้นายท่านเสมอ
BT1417,I will follow you faithfully till the end.,1,ข้าจะติดตามท่านอย่างซื่อสัตย์จนวาระสุดท้าย
BT1418,An honor and a privilege to serve.,1,เป็นเกียรติและอภิสิทธิ์ที่ได้รับใช้
BT1419,I'll do my best.,2,ข้าจะทำให้ดีที่สุด
BT1420,I get stronger every day.,1,ข้าแข็งแกร่งขึ้นทุกวัน
BT1421,I've room to improve yet.,1,ข้ายังมีที่ให้พัฒนา
BT1422,I leave no survivors.,1,ข้าไม่เหลือผู้รอดชีวิต
BT1423,There are always consequences.,1,ทุกอย่างย่อมมีผลตามมา
BT1424,admirable skill.,1,ฝีมือน่าชื่นชม
BT1425,Thought I was better than this.,1,นึกว่าข้าจะเก่งกว่านี้
BT1426,Ha! Ha! Ha! Ha! Ha! Ha!,1,ฮ่า! ฮ่า! ฮ่า! ฮ่า! ฮ่า! ฮ่า!
BT1427,Wasted effort!,1,เสียแรงเปล่า!
BT1428,Bravo!,1,ยอดเยี่ยม!
BT1429,Beg the goddess for mercy!,1,ขอความเมตตาจากเทพธิดาซะ!
BT1430,BLASTFEMER!,1,คนนอกรีต!
BT1431,I see you.,1,ข้าเห็นเจ้า
BT1432,They resist me?,2,พวกมันต่อต้านข้าหรือ?
BT1433,BLAST IT!,1,บ้าเอ๊ย!
BT1434,THIS IS IT!,1,นี่แหละ!
BT1435,I shall repay you in kind.,1,ข้าจะตอบแทนให้สาสม
BT1436,I am in your debt.,2,ข้าติดหนี้บุญคุณเจ้า
BT1437,I shall hold nothing back!,1,ข้าจะไม่ออมมือ!
BT1438,Point your blade at me and see what comes of it.,1,จงชี้ดาบมาที่ข้า แล้วดูว่าจะเกิดอะไรขึ้น
BT1439,Ha! Come!,1,ฮ่า! เข้ามา!
BT1440,Is it my turn?,1,ถึงตาข้าหรือ?
BT1441,I must keep a clear mind.,1,ข้าต้องรักษาสติให้แจ่มใส
BT1442,I'll try my best.,1,ข้าจะพยายามให้ดีที่สุด
BT1443,I can't. I must see my mother again.,1,ข้ายังตายไม่ได้ ข้าต้องเจอแม่อีกครั้ง
BT1444,What did I do wrong?,1,ข้าทำอะไรผิด?
BT1445,I can keep going!,1,ข้ายังไปต่อได้!
BT1446,"Help me, please!",1,ช่วยข้าด้วย ได้โปรด!
BT1447,Kya!,3,เคียะ!
BT1448,Humph!,1,ฮึ่ม!
BT1449,This too is fate!,1,นี่ก็เป็นชะตากรรม!
BT1450,Now's the time!,1,ตอนนี้แหละ!
BT1451,I foresaw this!,1,ข้าเห็นล่วงหน้าแล้ว!
BT1452,I knew it would work!,1,รู้อยู่แล้วว่าต้องได้ผล!
BT1453,Just as I expected.,1,เป็นอย่างที่ข้าคาด
BT1454,But why?,2,แต่ทำไม?
BT1455,It failed!,1,ล้มเหลว!
BT1456,Eugh!,3,อึ่ก!
BT1457,Your turn!,1,ตาเจ้า!
BT1458,I was ready for this!,1,ข้าเตรียมพร้อมสำหรับสิ่งนี้!
BT1459,I feel much better.,1,รู้สึกดีขึ้นมาก
BT1460,I can keep going.,1,ข้ายังไปต่อได้
BT1461,I'll give it my all.,2,ข้าจะทุ่มสุดกำลัง
BT1462,This'll help greatly!,1,นี่จะช่วยได้มาก!
BT1463,Mother!,1,แม่!
BT1464,I... I'm so sorry.,1,ข้า...ขอโทษจริง ๆ
BT1465,Okay.,1,โอเค
BT1466,I'm counting on you!,1,ข้าฝากความหวังไว้กับเจ้า!
BT1467,"Okay, then.",1,โอเค งั้นเอาเลย
BT1468,"Come on, Quahog!",1,มาเลย ควาฮอก!
BT1469,Can you handle this?,1,รับสิ่งนี้ไหวไหม?
BT1470,Let's try this.,3,ลองนี่กัน
BT1471,Faster!,1,เร็วขึ้น!
BT1472,Now go!,1,ไปเลย!
BT1473,You'll feel this later.,1,เดี๋ยวเจ้าจะรู้สึกทีหลัง
BT1474,Let time flow in reverse.,1,จงให้เวลาย้อนกลับ
BT1475,Be gone!,2,ไปให้พ้น!
BT1476,"Hey, Switch!",1,เฮ้ สลับ!
BT1477,This is my power.,1,นี่คือพลังของข้า
BT1478,Turn it all back.,1,ย้อนทุกอย่างกลับไป
BT1479,A brand new power!,1,พลังใหม่เอี่ยม!
BT1480,I can help even more now!,1,ตอนนี้ข้าช่วยได้มากขึ้นแล้ว!
BT1481,I feel like I've gotten stronger!,1,รู้สึกว่าแข็งแกร่งขึ้น!
BT1482,My power is overflowing!,1,พลังของข้าเอ่อล้น!
BT1483,I will do my best.,1,ข้าจะทำให้ดีที่สุด
BT1484,I will keep growing and working harder.,1,ข้าจะเติบโตและพยายามให้หนักขึ้นต่อไป
BT1485,I will find my mother one day.,1,สักวันข้าจะตามหาแม่ให้เจอ
BT1486,Lionel has arrived!,1,ไลโอเนลมาแล้ว!
BT1487,You cannot impede progress!,1,เจ้าไม่อาจขัดขวางความก้าวหน้า!
BT1488,Have you brought coins?,1,เอาเหรียญมาหรือเปล่า?
BT1489,Profit comes to the prepared.,1,กำไรเป็นของผู้ที่เตรียมพร้อม
BT1490,This calls for wit.,1,ต้องใช้ไหวพริบแล้ว
BT1491,Perhaps we can strike a deal?,1,บางทีเราอาจตกลงกันได้?
BT1492,"Oh, we may have gotten off on the wrong foot.",1,โอ้ ดูเหมือนเราเริ่มต้นกันผิดไปหน่อย
BT1493,"Oh, no.",2,โอ้ ไม่
BT1494,How... how dreadful.,1,ช่าง...ช่างน่ากลัว
BT1495,Our dealings are over!,1,การค้าของเราจบแล้ว!
BT1496,This is just business.,1,นี่ก็แค่ธุรกิจ
BT1497,Fortune smiles on Lionel!,1,โชคยิ้มให้ไลโอเนล!
BT1498,Now we make our riches!,1,ทีนี้เราจะร่ำรวย!
BT1499,If Lionel may.,1,ถ้าไลโอเนลขออนุญาต
BT1500,A deadly blow!,1,การโจมตีร้ายแรง!
BT1501,Your fortune wanes!,1,โชคของเจ้ากำลังตก!
BT1502,"Oh, oops.",1,โอ๊ะ พลาดแล้ว
BT1503,Uh-oh.,2,โอ๊ะโอ
BT1504,If...,2,ถ้า...
BT1505,MWAH!,1,จุ๊บ!
BT1506,"Your change, friend!",1,เงินทอนของเจ้า สหาย!
BT1507,A terrible misstep!,1,ก้าวพลาดครั้งใหญ่!
BT1508,You've been tricked!,1,เจ้าถูกหลอกแล้ว!
BT1509,Lucky Lionel!,1,ไลโอเนลผู้โชคดี!
BT1510,You'll be well compensated.,1,เจ้าจะได้รับค่าตอบแทนอย่างงาม
BT1511,Lionel thanks you.,1,ไลโอเนลขอขอบคุณ
BT1512,Lionel shall use this wisely.,1,ไลโอเนลจะใช้สิ่งนี้อย่างชาญฉลาด
BT1513,Lionel always pays his debts.,1,ไลโอเนลชำระหนี้เสมอ
BT1514,This will do!,1,เท่านี้ก็พอ!
BT1515,Lionel has been swindled.,1,ไลโอเนลถูกต้มเสียแล้ว
BT1516,"No, not my email.",1,ไม่นะ ไม่ใช่อีเมลของข้า
BT1517,A special gift for you!,1,ของขวัญพิเศษสำหรับเจ้า!
BT1518,Free of charge!,1,ฟรี!
BT1519,For Lionel!,1,เพื่อไลโอเนล!
BT1520,Don't underestimate Lionel!,1,อย่าดูถูกไลโอเนล!
BT1521,Lionel will not relent!,1,ไลโอเนลจะไม่ยอมถอย!
BT1522,See what Lionel can do.,1,ดูสิว่าไลโอเนลทำอะไรได้
BT1523,Lionel has many tricks.,1,ไลโอเนลมีลูกเล่นมากมาย
BT1524,Combat is not Lionel's forte.,1,การต่อสู้ไม่ใช่ความถนัดของไลโอเนล
BT1525,Lionel shall leave you agog!,1,ไลโอเนลจะทำให้เจ้าตะลึง!
BT1526,Now to see what's up Lionel's sleeve.,1,มาดูกันว่าไลโอเนลมีอะไรซ่อนอยู่
BT1527,This is it for you.,1,นี่คือจุดจบของเจ้า
BT1528,We all have our weaknesses.,1,ทุกคนย่อมมีจุดอ่อน
BT1529,May Lionel have your attention?,1,ไลโอเนลขอความสนใจหน่อยได้ไหม?
BT1530,Lionel shall give it his level best.,1,ไลโอเนลจะพยายามเต็มที่
BT1531,Time for a lavish display!,1,ได้เวลาโชว์อย่างหรูหรา!
BT1532,Lionel's wager has paid off.,1,การเดิมพันของไลโอเนลได้ผล!
BT1533,Let's commit this to memory!,1,จดจำเรื่องนี้ไว้!
BT1534,Lionel's coin purse grows heavier!,1,ถุงเงินของไลโอเนลหนักขึ้นแล้ว!
BT1535,Yes! Ha ha ha! Yes!,1,ใช่! ฮ่า ฮ่า ฮ่า! ใช่!
BT1536,You would have Lionel?,1,เจ้าต้องการไลโอเนลหรือ?
BT1537,Lionel does not disappoint.,1,ไลโอเนลไม่ทำให้ผิดหวัง
BT1538,This shall lead to fortunes upon fortunes.,1,นี่จะนำมาซึ่งทรัพย์สินมหาศาล
BT1539,On the honor of the high houses!,2,ด้วยเกียรติแห่งตระกูลใหญ่!
BT1540,FOR OUR KINGDOM!,1,เพื่ออาณาจักรของเรา!
BT1541,Glenbrook shall be avenged!,1,เกลนบรูคจะได้รับการล้างแค้น!
BT1542,I will not yield to you!,2,ข้าจะไม่ยอมเจ้า!
BT1543,Have I no path to victory?,1,ข้าไม่มีหนทางสู่ชัยชนะหรือ?
BT1544,For Glenbrook!,1,เพื่อเกลนบรูค!
BT1545,An underhanded trick!,1,กลอุบายสกปรก!
BT1546,Have at you!,2,เข้ามาเลย!
BT1547,No mercy!,2,ไม่ปรานี!
BT1548,No mercy given.,1,ไม่ให้ความเมตตา
BT1549,No escape!,2,หนีไม่พ้น!
BT1550,And one more!,1,อีกหนึ่ง!
BT1551,You get what you deserve!,1,รับสิ่งที่เจ้าสมควรได้!
BT1552,Long live the king!,1,พระราชาจงเจริญ!
BT1553,Stubborn pests!,1,พวกตัวปัญหาดื้อด้าน!
BT1554,"Still standing, are you?",1,ยังยืนอยู่หรือ?
BT1555,I won't let you do that!,1,ข้าจะไม่ยอมให้เจ้าทำ!
BT1556,That won't work.,1,แบบนั้นไม่ได้ผล
BT1557,I...,2,ข้า...
BT1558,Glory be to Glenbrook.,2,เกียรติจงมีแก่เกลนบรูค
BT1559,Soar!,1,ทะยาน!
BT1560,I have you in my sights.,1,ข้าเล็งเจ้าไว้แล้ว
BT1561,I'll stop you where you stand.,1,ข้าจะหยุดเจ้าตรงนั้น
BT1562,No closer!,1,ห้ามเข้ามาใกล้!
BT1563,On my honor as the Dawnspear.,3,ด้วยเกียรติแห่งดอว์นสเปียร์
BT1564,I shall protect you.,2,ข้าจะปกป้องเจ้า
BT1565,I shan't hold back.,2,ข้าจะไม่ออมมือ
BT1566,Prepare to face the Dawnspear!,1,เตรียมเผชิญหน้าดอว์นสเปียร์!
BT1567,I must hold firm.,3,ข้าต้องยืนหยัด
BT1568,"If I still breathe, I still fight.",2,ตราบใดที่ยังหายใจ ข้ายังสู้ได้
BT1569,Death must wait.,2,ความตายต้องรอก่อน
BT1570,My courage will not waver!,1,ความกล้าของข้าจะไม่สั่นคลอน!
BT1571,TAH!,2,ฮึ่ย!
BT1572,This is unpleasant.,2,นี่ไม่น่ายินดีเลย
BT1573,THERE!,2,นั่น!
BT1574,Well met!,3,ยินดีที่ได้ประมือ!
BT1575,This bout is mine!,2,การประลองนี้เป็นของข้า!
BT1576,Once more!,1,อีกครั้ง!
BT1577,Just as I planned!,2,เป็นไปตามแผน!
BT1578,That went well!,2,ไปได้สวย!
BT1579,You're tougher than you look.,2,เจ้าแกร่งกว่าที่เห็น
BT1580,I need to change tech!,2,ข้าต้องเปลี่ยนเทคนิค!
BT1581,Ha! That's it!,2,ฮ่า! นั่นแหละ!
BT1582,"Gah, impossible!",2,อึก เป็นไปไม่ได้!
BT1583,"Ugh, careless of me!",2,อึก ข้าประมาทไป!
BT1584,Let me return the favor.,2,ให้ข้าตอบแทนบ้าง
BT1585,HA HA!,1,ฮ่า ฮ่า!
BT1586,Now I'll see this battle through.,2,ทีนี้ข้าจะสู้ให้ถึงที่สุด
BT1587,Knew I could trust you.,2,รู้อยู่แล้วว่าไว้ใจเจ้าได้
BT1588,"Forgive me, my king.",2,ยกโทษให้ข้าด้วย ฝ่าบาท
BT1589,HERE!,1,นี่!
BT1590,It's come to this.,1,สุดท้ายก็มาถึงจุดนี้
BT1591,Prepare yourself!,4,เตรียมตัว!
BT1592,By my spear!,1,ด้วยหอกของข้า!
BT1593,It ends!,1,จบกัน!
BT1594,Huah!,2,ฮึ่ย!
BT1595,You can't save yourself!,1,เจ้าช่วยตัวเองไม่ได้แล้ว!
BT1596,Look carefully.,1,มองให้ดี
BT1597,Your defenses crumble!,1,การป้องกันของเจ้าพังแล้ว!
BT1598,Your final moments approach!,1,วาระสุดท้ายของเจ้าใกล้เข้ามา!
BT1599,with a single blow!,1,ด้วยการโจมตีเพียงครั้งเดียว!
BT1600,All by my design.,1,ทุกอย่างเป็นไปตามที่ข้าวางไว้
BT1601,All shall yield before my spear!,1,ทุกคนต้องยอมต่อหอกของข้า!
BT1602,Look forward to seeing this.,1,ตั้งตารอดูได้เลย
BT1603,Practice begets perfection.,1,การฝึกฝนนำไปสู่ความสมบูรณ์
BT1604,This shall do.,1,เท่านี้ก็พอ
BT1605,I shall bring victory.,1,ข้าจะนำชัยชนะมาให้
BT1606,Our path becomes clear.,1,เส้นทางของเราชัดเจนขึ้น
BT1607,Hard effort grants a boon.,1,ความพยายามหนักย่อมนำพรมาให้
BT1608,Gotta keep my wits about me.,1,ต้องตั้งสติไว้
BT1609,Alright.,1,เอาล่ะ
BT1610,"Ugh, this isn't good.",1,อึก แบบนี้ไม่ดี
BT1611,I'm done for.,1,ข้าจบเห่แล้ว
BT1612,Sigh. Sigh. Sigh. Sigh.,1,เฮ้อ เฮ้อ เฮ้อ เฮ้อ
BT1613,I don't know if I can go on.,1,ข้าไม่รู้ว่าจะไปต่อไหวไหม
BT1614,This one's mine!,1,อันนี้ของข้า!
BT1615,Damn!,4,บ้าเอ๊ย!
BT1616,What the...,1,อะไรวะ...
BT1617,This is what you get!,1,นี่คือสิ่งที่เจ้าสมควรได้!
BT1618,"Ah, thanks.",1,อา ขอบใจ
BT1619,"Alright, let's go!",1,เอาล่ะ ไปกัน!
BT1620,I feel stronger!,1,รู้สึกแข็งแกร่งขึ้น!
BT1621,Not on my watch.,1,ไม่ใช่ตอนที่ข้าอยู่ตรงนี้
BT1622,What's the rush?,1,จะรีบไปไหน?
BT1623,You leave me with no recourse.,1,เจ้าไม่เหลือทางเลือกให้ข้า
BT1624,I have to survive.,1,ข้าต้องรอด
BT1625,Very well then.,1,ได้ งั้นก็เอาเลย
BT1626,I won't give up.,1,ข้าจะไม่ยอมแพ้
BT1627,I can still fight!,1,ข้ายังสู้ได้!
BT1628,"Huff, huff, huff.",1,ฮั่ก ฮั่ก ฮั่ก
BT1629,At a time like this.,1,ในเวลาแบบนี้...
BT1630,Damn it all!,1,บ้าเอ๊ย!
BT1631,Give up!,1,ยอมแพ้ซะ!
BT1632,Down with you!,1,ล้มลงไป!
BT1633,"Huh, a fine result.",1,หึ ผลลัพธ์ไม่เลว
BT1634,I've wasted time!,1,ข้าเสียเวลาไปแล้ว!
BT1635,Wait!,1,เดี๋ยว!
BT1636,This isn't over.,2,ยังไม่จบ
BT1637,I must keep fighting.,1,ข้าต้องสู้ต่อ
BT1638,No! My life's work!,1,ไม่! งานทั้งชีวิตของข้า!
BT1639,A cold wind blows!,1,สายลมเย็นพัดมา!
BT1640,Do not give up!,1,อย่ายอมแพ้!
BT1641,We must prevail!,1,เราต้องชนะ!
BT1642,I must protect myself!,1,ข้าต้องปกป้องตัวเอง!
BT1643,Time for some sorcery!,1,ได้เวลาใช้เวท!
BT1644,"I hope you're watching, grandfather.",1,หวังว่าท่านกำลังมองอยู่ คุณปู่
BT1645,I'll show you what I can do.,2,ข้าจะแสดงให้เห็นว่าทำอะไรได้
BT1646,This is bad.,1,แย่แล้ว
BT1647,I have to keep going.,1,ข้าต้องไปต่อ
BT1648,"Help me, please.",1,ช่วยข้าด้วย ได้โปรด
BT1649,Uah!,1,อั่ก!
BT1650,Say goodbye!,1,บอกลาได้เลย!
BT1651,What have we here?,2,มีอะไรตรงนี้?
BT1652,Hey! Over here!,1,เฮ้! ทางนี้!
BT1653,Me next.,1,ตาข้าต่อ
BT1654,Wrong one.,1,ผิดตัวแล้ว
BT1655,Give and you shall receive.,1,ให้แล้วจะได้รับตอบแทน
BT1656,Got you!,1,จับได้แล้ว!
BT1657,I dodged?,1,ข้าหลบได้หรือ?
BT1658,You saved my neck.,1,เจ้าช่วยชีวิตข้าไว้
BT1659,"Phew, thank goodness.",1,เฮ้อ โล่งอก
BT1660,I feel better than ever.,1,รู้สึกดีกว่าเดิมอีก
BT1661,I won't let you down!,1,ข้าจะไม่ทำให้ผิดหวัง!
BT1662,Watch me work.,1,ดูข้าทำงาน
BT1663,Grandfather.,1,คุณปู่...
BT1664,The pain.,1,ความเจ็บปวด...
BT1665,Ready to see a spell?,1,พร้อมดูเวทมนตร์ไหม?
BT1666,Don't be afraid.,1,อย่ากลัว
BT1667,"I can heal, too.",1,ข้าก็รักษาได้นะ
BT1668,Is everyone okay?,1,ทุกคนไม่เป็นไรใช่ไหม?
BT1669,I'm here to help!,1,ข้ามาช่วยแล้ว!
BT1670,You'll feel better real soon.,1,เดี๋ยวก็รู้สึกดีขึ้น
BT1671,Don't give up!,1,อย่ายอมแพ้!
BT1672,Wind!,1,ลม!
BT1673,Ice!,1,น้ำแข็ง!
BT1674,Lightning!,1,สายฟ้า!
BT1675,Fire!,1,ไฟ!
BT1676,The fruits of my studies.,1,ผลจากการศึกษาของข้า
BT1677,"Just hold on, everyone!",1,ทุกคน อดทนไว้นะ!
BT1678,Leave it to me.,1,ฝากไว้กับข้า
BT1679,It's not over yet.,2,มันยังไม่จบ
BT1680,Feel the might of my magic!,1,สัมผัสพลังเวทของข้า!
BT1681,I've got it.,2,เข้าใจแล้ว
BT1682,I can help more than ever now.,1,ตอนนี้ข้าช่วยได้มากกว่าเดิม
BT1683,"I'll make you proud, grandfather.",1,ข้าจะทำให้ท่านภูมิใจ คุณปู่
BT1684,My magic is at your disposal.,1,เวทมนตร์ของข้าพร้อมให้ใช้
BT1685,I did pretty good out there. I hope.,1,ข้าทำได้ดีนะ...หวังว่า
BT1686,I'm stronger than I thought.,1,ข้าแข็งแกร่งกว่าที่คิด
BT1687,You'll pay for this!,1,เจ้าต้องชดใช้!
BT1688,None of you will survive this!,1,พวกเจ้าจะไม่มีใครรอด!
BT1689,You've done enough damage!,1,พวกเจ้าสร้างความเสียหายมาพอแล้ว!
BT1690,You're quite formidable.,1,เจ้าช่างน่าเกรงขาม
BT1691,I... I had a vision!,1,ข้า...ข้าเห็นนิมิต!
BT1692,This is most inconvenient.,1,น่ารำคาญจริง ๆ
BT1693,"Ah, ah, ah.",1,อา อา อา
BT1694,Time to strike!,1,ได้เวลาโจมตี!
BT1695,Tchah!,2,ชิยะ!
BT1696,You sad fool!,1,ไอ้คนโง่น่าสมเพช!
BT1697,How nice!,1,ดีจัง!
BT1698,Think you can outlast me?,1,คิดว่าจะทนข้าไหวหรือ?
BT1699,Ignorant fool!,1,เจ้าโง่ไร้ความรู้!
BT1700,Magnificent!,1,ยอดเยี่ยม!
BT1701,Marvelous!,1,มหัศจรรย์!
BT1702,Misplayed my hand.,1,ข้าเดินหมากพลาด
BT1703,HWAAA!,1,ว๊าก!
BT1704,Hoo!,1,โฮ่!
BT1705,"Ah, yes, that will do nicely.",1,อา ใช่ แบบนี้ดีมาก
BT1706,Fine work.,1,ทำได้ดี
BT1707,"Ah, timely.",1,อา มาทันเวลา
BT1708,"Uh, my vision.",1,อึก สายตาของข้า...
BT1709,This shall be your undoing!,1,นี่จะเป็นจุดจบของเจ้า!
BT1710,This is how I win!,1,นี่คือวิธีที่ข้าชนะ!
BT1711,"Strike true, mine arrow!",1,ลูกธนูของข้า จงเข้าเป้า!
BT1712,I shall rob them of sight.,1,ข้าจะพรากการมองเห็นของพวกมัน
BT1713,Use your heads!,1,ใช้หัวคิดหน่อย!
BT1714,Must I do everything myself?,1,ข้าต้องทำทุกอย่างเองหรือ?
BT1715,I shall show you how it's done.,1,ข้าจะแสดงให้ดูว่าต้องทำอย่างไร
BT1716,"Get back, you fool!",1,ถอยไป เจ้าโง่!
BT1717,Don't you underestimate me.,1,อย่าดูถูกข้า
BT1718,Ready.,1,พร้อม
BT1719,Let's go then.,1,งั้นไปกัน
BT1720,We doing this?,1,จะเอาเลยไหม?
BT1721,To work.,1,ลงมือ
BT1722,This isn't over yet.,1,ยังไม่จบ
BT1723,What now?,1,ทีนี้อะไร?
BT1724,They fight something fierce.,1,พวกมันสู้ดุเดือดจริง
BT1725,It'll take more than that.,1,แค่นี้ยังไม่พอ
BT1726,"Think you got me, eh?",1,คิดว่าจัดการข้าได้แล้วรึ?
BT1727,Eat dirt.,1,กินดินซะ
BT1728,I strike true!,1,ข้าโจมตีเข้าเป้า!
BT1729,YOU'RE MINE!,1,เจ้าเป็นของข้า!
BT1730,How about that?,1,เป็นไงล่ะ?
BT1731,"Hurts, eh?",1,เจ็บไหมล่ะ?
BT1732,That didn't work!,1,ไม่ได้ผล!
BT1733,Cheeky bastard.,1,ไอ้สารเลวปากดี
BT1734,Thought you'd do that.,1,คิดแล้วว่าเจ้าจะทำแบบนั้น
BT1735,Oi!,1,เฮ้!
BT1736,It's only fair.,1,ก็ยุติธรรมดี
BT1737,Unlucky.,1,โชคร้ายหน่อยนะ
BT1738,Cheers.,1,ขอบใจ
BT1739,That's a help.,2,ช่วยได้มาก
BT1740,Apologies.,1,ขออภัย
BT1741,"Aye, that'll do.",1,เออ เท่านี้ก็พอ
BT1742,Could get used to this.,1,ชักจะชอบแล้วสิ
BT1743,"Blood's boiling, aye.",1,เลือดกำลังเดือดเลยนะ
BT1744,This is no joke.,1,นี่ไม่ใช่เรื่องเล่น
BT1745,Ugh! Damn it!,1,อึก! บ้าเอ๊ย!
BT1746,Here it goes.,1,เอาล่ะ
BT1747,I'll send you flying!,1,ข้าจะส่งเจ้ากระเด็น!
BT1748,Shut your trap!,1,หุบปาก!
BT1749,"Who's next, eh?",1,ใครต่อไป?
BT1750,Ready to go.,1,พร้อมลุย
BT1751,Trying something new.,1,ลองอะไรใหม่ ๆ
BT1752,Aim and fire!,1,เล็ง แล้วยิง!
BT1753,You daft?,1,เจ้าโง่หรือ?
BT1754,Hold still!,1,อยู่นิ่ง ๆ!
BT1755,Got nowhere to run.,1,ไม่มีที่ให้หนีแล้ว
BT1756,This'll hurt some!,1,นี่ต้องเจ็บแน่!
BT1757,Time for a nap!,1,ได้เวลานอน!
BT1758,Might use this.,1,อาจได้ใช้สิ่งนี้
BT1759,This'll be fun.,1,นี่น่าสนุก
BT1760,Drop dead!,1,ตายซะ!
BT1761,Got me an idea.,1,ข้ามีความคิดแล้ว
BT1762,Not bad at all.,1,ไม่เลวเลย
BT1763,That's it.,1,นั่นแหละ
BT1764,Ha ha ha ha ha ha ha!,1,ฮ่า ฮ่า ฮ่า ฮ่า ฮ่า ฮ่า ฮ่า!
BT1765,I'm on it.,1,ข้าจัดการเอง
BT1766,"Aye, can do.",1,เออ ทำได้
BT1767,Didn't break a sweat.,1,แทบไม่เหนื่อยเลย
BT1768,Ha! I'm on top of the world!,1,ฮ่า! ข้ารู้สึกสุดยอด!
BT1769,Charge!,1,บุก!
BT1770,For victory!,1,เพื่อชัยชนะ!
BT1771,I won't lose!,1,ข้าจะไม่แพ้!
BT1772,This won't be easy.,1,นี่ไม่ง่ายแน่
BT1773,The sheer goal.,1,เป้าหมายที่แท้จริง
BT1774,What to do now?,1,ทีนี้จะทำอะไรดี?
BT1775,UUAH!,1,อั่ก!
BT1776,Did you see that?,2,เห็นไหมล่ะ?
BT1777,It's no good.,1,ไม่ได้ผล
BT1778,NO!,1,ไม่!
BT1779,I think not!,1,ข้าไม่คิดอย่างนั้น!
BT1780,A shame.,1,น่าเสียดาย
BT1781,Sorry to worry you.,1,ขอโทษที่ทำให้เป็นห่วง
BT1782,Splendid!,1,ยอดเยี่ยม!
BT1783,I shall do my best.,1,ข้าจะทำให้ดีที่สุด
BT1784,Ready for more!,1,พร้อมอีก!
BT1785,I have failed!,1,ข้าล้มเหลว!
BT1786,Glenbrook is in your hands.,1,เกลนบรูคฝากไว้กับเจ้า
BT1787,I'll try this.,1,ข้าจะลองนี่
BT1788,My lance strikes true!,1,หอกของข้าไม่พลาด!
BT1789,Brace yourself!,1,เตรียมรับมือ!
BT1790,You don't stand a chance.,1,เจ้าไม่มีโอกาส
BT1791,I will go through if I must!,1,ข้าจะฝ่าไปให้ได้!
BT1792,This is where you fall!,1,เจ้าจะล้มตรงนี้!
BT1793,I grow ever stronger!,1,ข้าแข็งแกร่งขึ้นเรื่อย ๆ!
BT1794,Onward and upward.,1,เดินหน้าสูงขึ้นไป
BT1795,For my kingdom!,1,เพื่ออาณาจักรของข้า!
BT1796,I shirk from no danger.,1,ข้าไม่หวั่นต่ออันตราย
BT1797,"And now, to arms!",1,เอาล่ะ จับอาวุธ!
BT1798,This day shall be ours.,1,วันนี้ชัยชนะจะเป็นของเรา
BT1799,On my honor as king.,1,ด้วยเกียรติแห่งราชา
BT1800,Tell me who to kill.,1,บอกมาว่าจะให้ข้าฆ่าใคร
BT1801,You'll be fun to kill.,1,เจ้าคงฆ่าได้สนุกดี
BT1802,Ha! Who's next?,1,ฮ่า! ใครต่อ?
BT1803,They ain't bad.,1,พวกมันไม่เลว
BT1804,You're making this interesting.,1,เจ้าทำให้เรื่องนี้น่าสนใจขึ้น
BT1805,I don't lose.,1,ข้าไม่แพ้
BT1806,"Oh, damn it all. They got me.",1,โอ้ บ้าเอ๊ย พวกมันจัดการข้าแล้ว
BT1807,BLEED!,1,เลือดออกซะ!
BT1808,I got another!,1,ข้าได้อีกหนึ่ง!
BT1809,Damned fool!,1,ไอ้โง่บัดซบ!
BT1810,"Distracted, are ya?",1,เผลออยู่หรือ?
BT1811,To top it off.,1,ปิดท้ายอีกหน่อย
BT1812,Mwahahahaha!,1,วะฮ่าฮ่าฮ่า!
BT1813,"Painful, isn't it?",1,เจ็บใช่ไหมล่ะ?
BT1814,Why won't you bleed?,1,ทำไมเจ้าไม่เลือดออกสักที?
BT1815,Urgh!,1,อึ่ก!
BT1816,Ugh! It hurts!,1,อึก! เจ็บ!
BT1817,You bastard!,1,ไอ้สารเลว!
BT1818,Weakling!,1,ไอ้อ่อนแอ!
BT1819,"Settle down, you!",1,สงบลงหน่อย!
BT1820,It is not your day!,1,วันนี้ไม่ใช่วันของเจ้า!
BT1821,Thank ye.,1,ขอบใจนะ
BT1822,Keep it up.,1,ไปต่อ
BT1823,You done well.,1,ทำได้ดี
BT1824,Not half bad.,1,ไม่เลวเลย
BT1825,"Oh, that was for me?",1,โอ้ นั่นให้ข้าหรือ?
BT1826,God damn it.,1,บ้าเอ๊ย
BT1827,"No, I refuse to...",1,ไม่ ข้าไม่ยอม...
BT1828,Embrace death!,1,ยอมรับความตายซะ!
BT1829,"Die, you bastard!",1,ตายซะ ไอ้สารเลว!
BT1830,I'll split you in two!,1,ข้าจะผ่าเจ้าเป็นสองซีก!
BT1831,I said stay out of my way!,1,ข้าบอกให้หลีกทาง!
BT1832,Why so scared?,1,กลัวอะไรนักหนา?
BT1833,HA HA HA!,1,ฮ่า ฮ่า ฮ่า!
BT1834,Remember my name.,1,จำชื่อข้าไว้
BT1835,My duties shall be done.,1,ข้าจะทำหน้าที่ให้สำเร็จ
BT1836,Forward march.,1,เดินหน้า
BT1837,So it falls to me.,1,ดูเหมือนต้องเป็นข้า
BT1838,We must never yield.,1,เราต้องไม่ยอมแพ้
BT1839,You'll not escape the law.,1,เจ้าหนีกฎหมายไม่พ้น
BT1840,This is going poorly.,1,สถานการณ์กำลังแย่
BT1841,Not good.,2,ไม่ดี
BT1842,Halt!,1,หยุด!
BT1843,Do not resist.,1,อย่าขัดขืน
BT1844,No quarter.,1,ไม่ปรานี
BT1845,Your error is your downfall.,1,ความผิดพลาดของเจ้าคือจุดจบ
BT1846,I'm with you.,1,ข้าอยู่กับเจ้า
BT1847,That did the trick.,1,ได้ผลแล้ว
BT1848,That won't do.,1,แบบนั้นไม่ได้
BT1849,What a mess.,1,เละเทะจริง
BT1850,Mmm!,1,อืม!
BT1851,No more of that.,1,พอได้แล้ว
BT1852,You take me for a fool?,1,คิดว่าข้าเป็นคนโง่หรือ?
BT1853,Well played.,1,เล่นได้ดี
BT1854,What a gift.,1,ช่างเป็นของขวัญ
BT1855,Time to finish the job.,1,ได้เวลาปิดงาน
BT1856,This'll carry me through.,1,นี่จะช่วยให้ข้าไปต่อ
BT1857,This is too much.,1,มันมากเกินไป
BT1858,I fall to these rogues?,1,ข้าจะล้มให้พวกโจรพวกนี้หรือ?
BT1859,Brace yourselves!,1,เตรียมรับมือ!
BT1860,Don't get sloppy!,1,อย่าสะเพร่า!
BT1861,Fight me like you mean it!,1,สู้กับข้าให้เต็มที่!
BT1862,No one escapes the law!,1,ไม่มีใครหนีกฎหมายพ้น!
BT1863,Seize them!,1,จับพวกมัน!
BT1864,Get your red-handed.,1,จับได้คาหนังคาเขา!
BT1865,Forward.,1,เดินหน้า
BT1866,From where shall we strike?,1,เราจะโจมตีจากตรงไหนดี?
BT1867,Defeat is not an option.,1,พ่ายแพ้ไม่ได้
BT1868,For the honor of House Wolfort.,2,เพื่อเกียรติแห่งตระกูลวูลฟอร์ต
BT1869,The situation is grim.,1,สถานการณ์เลวร้าย
BT1870,"When a wolf is cornered,",1,เมื่อหมาป่าถูกต้อนจนมุม...
BT1871,Carefully.,1,ระวังให้ดี
BT1872,What would father do?,1,ถ้าเป็นพ่อจะทำอย่างไร?
BT1873,On your guard.,1,ตั้งการ์ดไว้
BT1874,This ends here!,1,จบกันตรงนี้!
BT1875,Perish.,1,พินาศไปซะ
BT1876,You've left yourself open.,1,เจ้าเปิดช่องแล้ว
BT1877,"Hello, me.",1,สวัสดี ตัวข้าเอง
BT1878,It's useless!,1,ไร้ประโยชน์!
BT1879,I'm a fool!,1,ข้านี่โง่จริง!
BT1880,How careless.,1,ประมาทจริง ๆ
BT1881,As I thought.,1,เป็นอย่างที่คิด
BT1882,"Close, but not quite.",1,เกือบแล้ว แต่ยังไม่ใช่
BT1883,Maybe next time.,1,ไว้คราวหน้า
BT1884,This will help.,1,นี่จะช่วยได้
BT1885,The tides are turning.,1,กระแสกำลังเปลี่ยน
BT1886,Our victory is assured.,1,ชัยชนะของเราแน่นอนแล้ว
BT1887,It wasn't good enough.,1,ยังไม่ดีพอ
BT1888,"No, not here.",1,ไม่ ตรงนี้ไม่ได้
BT1889,Not so fast!,2,ยังเร็วไป!
BT1890,I need this.,1,ข้าต้องการสิ่งนี้
BT1891,Now I end this.,1,ตอนนี้ข้าจะจบเรื่องนี้
BT1892,I'll make this quick!,1,ข้าจะรีบจัดการ!
BT1893,HAAAARGH!,1,อ๊ากก!
BT1894,Trust in me.,1,เชื่อใจข้า
BT1895,I won't yield an inch!,1,ข้าจะไม่ถอยแม้แต่นิ้วเดียว!
BT1896,We fight together!,1,เราสู้ไปด้วยกัน!
BT1897,Wait your turn!,1,รอตาของเจ้า!
BT1898,Death from above!,1,ความตายจากเบื้องบน!
BT1899,"Thought you had me, huh?",1,คิดว่าจัดการข้าได้แล้วหรือ?
BT1900,UNITE UNDER THE WOLFORT BANNER!,1,รวมพลใต้ธงวูลฟอร์ต!
BT1901,My skills grow sharper.,1,ฝีมือของข้าคมขึ้น
BT1902,I've gained new strength.,1,ข้าได้รับพลังใหม่
BT1903,"To lead, I must grow.",1,เพื่อเป็นผู้นำ ข้าต้องเติบโต
BT1904,For my kith and kin.,1,เพื่อญาติพี่น้องของข้า
BT1905,I would not be here without my allies.,1,ข้าคงมาไม่ถึงตรงนี้หากไม่มีสหาย
BT1906,My blade shall attest to my convictions.,1,คมดาบของข้าจะพิสูจน์ความเชื่อของข้า
BT1907,How shall I destroy you?,1,ข้าจะทำลายเจ้าแบบไหนดี?
BT1908,"To battle, I suppose.",1,คงต้องสู้สินะ
BT1909,How could this be?,2,เป็นไปได้อย่างไร?
BT1910,This is most unpleasant.,1,ไม่น่ายินดีเลย
BT1911,NUGH!,1,อึ่ก!
BT1912,Time to die.,1,ได้เวลาตาย
BT1913,I'll take this one!,1,ตัวนี้ข้าจัดการเอง!
BT1914,I'll cut you down!,1,ข้าจะฟันเจ้าให้ล้ม!
BT1915,"To work, then!",1,เอาล่ะ ลงมือ!
BT1916,Yes! Yes!,1,ใช่! ใช่!
BT1917,Does it hurt? Hmm?,1,เจ็บไหม? หืม?
BT1918,How dreadfully boring.,1,น่าเบื่อเสียจริง
BT1919,Well done for once.,1,ครั้งนี้ทำได้ดีนะ
BT1920,That shall suffice.,1,เท่านี้ก็พอ
BT1921,I-impossible!,1,ป-เป็นไปไม่ได้!
BT1922,You cannot flee!,1,เจ้าหนีไม่ได้!
BT1923,Bend the knee!,1,คุกเข่าซะ!
BT1924,Sleep now.,1,หลับไปซะ
BT1925,PUNY WORMS!,1,พวกหนอนกระจอก!
BT1926,Prepare to die!,1,เตรียมตาย!
BT1927,I will not fail.,1,ข้าจะไม่ล้มเหลว
BT1928,Victory is mine!,1,ชัยชนะเป็นของข้า!
BT1929,This is why I hate fighting!,1,นี่แหละเหตุผลที่ข้าเกลียดการต่อสู้!
BT1930,"Oh, oh, oh.",1,โอ้ โอ้ โอ้
BT1931,Someone help!,1,ใครก็ได้ช่วยที!
BT1932,How fortuitous!,1,ช่างโชคดี!
BT1933,What a gift!,1,ช่างเป็นของขวัญ!
BT1934,Haha! That did it!,1,ฮ่า! ได้ผล!
BT1935,That was easy.,1,ง่ายจริง
BT1936,That's no fun at all.,1,ไม่สนุกเลย
BT1937,God!,2,พระเจ้า!
BT1938,What took you so long?,1,ทำไมช้านัก?
BT1939,Dreadfully slow.,1,ช้าเสียจริง
BT1940,"Yes, just like that.",1,ใช่ แบบนั้นแหละ
BT1941,We just have to keep fighting!,1,เราต้องสู้ต่อไป!
BT1942,May your legacy wither and die!,1,ขอให้มรดกของเจ้าสลายไป!
BT1943,Forward. Ever forward.,1,เดินหน้า เดินหน้าต่อไป
BT1944,"Fight harder, you louts!",1,สู้ให้หนักกว่านี้ พวกขี้เกียจ!
BT1945,This ought to do.,1,แบบนี้น่าจะได้
BT1946,Today is not the day I die.,1,วันนี้ไม่ใช่วันที่ข้าจะตาย
BT1947,I shan't waste my time on you!,1,ข้าจะไม่เสียเวลากับเจ้า!
BT1948,House Tellior is without equal!,1,ตระกูลเทลลิออร์ไร้ผู้เทียบเทียม!
BT1949,You will not leave here with your lives.,1,พวกเจ้าจะออกจากที่นี่แบบมีชีวิตไม่ได้
BT1950,House Woolford shall persevere!,1,ตระกูลวูลฟอร์ตจะยืนหยัด!
BT1951,I haven't been broken yet!,1,ข้ายังไม่ถูกทำลาย!
BT1952,After me? Are you?,1,ตามข้ามาหรือ?
BT1953,I cannot fall! Not yet!,1,ข้ายังล้มไม่ได้! ยังไม่ใช่ตอนนี้!
BT1954,Let me see this through.,1,ให้ข้าทำให้ถึงที่สุด
BT1955,Huh? Huh?,1,หือ? หือ?
BT1956,"Grr, Corsus!",1,กรร คอร์ซัส!
BT1957,HAAAGH!,1,อ๊ากก!
BT1958,This isn't over!,1,ยังไม่จบ!
BT1959,That's as far as you go!,1,เจ้ามาได้แค่นี้!
BT1960,Together we stand!,1,เรายืนหยัดร่วมกัน!
BT1961,This is good.,1,แบบนี้ดี
BT1962,Ha! Ha! Ha! Ha! Ha! Ha! Ha! Ha! Ha! Ha! Ha! Ha! Ha! Ha! Ha! Ha! Ha! Ha! Ha! Ha! Ha! Ha! Ha! Ha! Ha! Ha! Ha! Ha! Ha! Ha! Ha! Ha! Ha! Ha! Ha! Ha! Ha! Ha! Ha! Ha! Ha! Ha! Ha! Ha! Ha! Ha! Ha! Ha! Ha! Ha! Ha! Ha! Ha! Ha! Ha! Ha! Ha! Ha! Ha! Ha! Ha! Ha! Ha! Ha! Ha! Ha! Ha! Ha! Ha! Ha! Ha! Ha! Ha! Ha! Ha! Ha! Ha! Ha! Ha! Ha! Ha! Ha! Ha! Ha! Ha! Ha! Ha! Ha! Ha! Ha! Ha! Ha! Ha! Ha! Ha! Ha! Ha! Ha! Ha! Ha! Ha! Ha! Ha! Ha! Ha! Ha! Ha! Ha! Ha! Ha! Ha! Ha! Ha! Ha! Ha! Ha! Ha! Ha! Ha! Ha! Ha! Ha! Ha! Ha! Ha! Ha! Ha! Ha! Ha! Ha! Ha! Ha! Ha! Ha! Ha! Ha! Ha! Ha! Ha! Ha! Ha! Ha! Ha! Ha! Ha! Ha! Ha! Ha! Ha! Ha! Ha! Ha! Ha! Ha! Ha! Ha! Ha! Ha! Ha! Ha! Ha! Ha! Ha! Ha! Ha! Ha! Ha! Ha! Ha! Ha! Ha! Ha! Ha! Ha! Ha! Ha! Ha! Ha! Ha! Ha! Ha! Ha! Ha! Ha! Ha! Ha! Ha! Ha! Ha! Ha! Ha! Ha! Ha! Ha! Ha! Ha! Ha! Ha! Ha! Ha! Ha! Ha! Ha! Ha! Ha! Ha! Ha! Ha! Ha! Ha! Ha! Ha! Ha! Ha! Ha! Ha! Ha! Ha! Ha! Ha! Ha! Ha!,1,ฮ่า ฮ่า ฮ่า!
BT1963,You left yourself defenseless!,1,เจ้าปล่อยการป้องกันโล่งแล้ว!
BT1964,I'm in your debt.,1,ข้าติดหนี้บุญคุณเจ้า
BT1965,Pray help the others too.,1,โปรดช่วยคนอื่นด้วย
BT1966,I must press on.,1,ข้าต้องเดินหน้าต่อ
BT1967,I will see it done.,1,ข้าจะทำให้สำเร็จ
BT1968,I fall.,1,ข้าล้มแล้ว
BT1969,You shan't escape me.,1,เจ้าหนีข้าไม่พ้น
BT1970,On the honor of House Wolfort!,1,ด้วยเกียรติแห่งตระกูลวูลฟอร์ต!
BT1971,Still a ways to go!,1,ยังต้องไปอีกไกล!
BT1972,I shall fight till my dying breath!,1,ข้าจะสู้จนลมหายใจสุดท้าย!
BT1973,Glory to Walford!,1,เกียรติจงมีแก่วูลฟอร์ต!
BT1974,I can't lose.,1,ข้าแพ้ไม่ได้
BT1975,I'll handle this.,1,ข้าจัดการเอง
BT1976,None will stand in my way.,1,ไม่มีใครขวางทางข้าได้
BT1977,You'll need more than that!,1,ต้องมากกว่านี้!
BT1978,I fight on!,1,ข้าจะสู้ต่อ!
BT1979,DIE ALREADY!,2,ตายสักที!
BT1980,I yet breathe!,1,ข้ายังหายใจอยู่!
BT1981,I'll bring you down!,1,ข้าจะโค่นเจ้า!
BT1982,That's her tight wager!,1,นั่นเป็นเดิมพันที่แน่นหนา!
BT1983,What's this?,1,นี่อะไร?
BT1984,Ugh! Ugh!,1,อึก! อึก!
BT1985,How weak!,1,อ่อนแอจริง!
BT1986,No escape for you!,1,เจ้าไม่มีทางหนี!
BT1987,Excellent.,1,ยอดเยี่ยม
BT1988,I THANK YOU!,1,ขอบคุณ!
BT1989,Wonderful!,1,ยอดเยี่ยม!
BT1990,It shall be done!,1,จะจัดการให้!
BT1991,"Forgive me, Dragan.",1,ยกโทษให้ข้าด้วย ดรากัน
BT1992,I yield.,1,ข้ายอมแพ้
BT1993,Tremble before me!,1,จงสั่นกลัวต่อหน้าข้า!
BT1994,Let the flames fly!,1,ปล่อยเปลวไฟออกไป!
BT1995,Feel Esfrost's fury!,1,สัมผัสความพิโรธแห่งเอสฟรอสต์!
BT1996,I will pulverize you!,1,ข้าจะบดขยี้เจ้า!
BT1997,My fury rages!,1,ความพิโรธของข้าลุกโชน!
BT1998,Hope you're ready.,1,หวังว่าเจ้าพร้อมนะ
BT1999,COMING THROUGH!,1,ข้าจะฝ่าไป!
BT2000,I got careless.,1,ข้าประมาทไป
BT2001,I've gotta get the upper hand!,1,ข้าต้องชิงความได้เปรียบ!
BT2002,Bad luck this is.,1,โชคร้ายจริง
BT2003,"Ah, damn it all!",1,อา บ้าเอ๊ย!
BT2004,Fool!,1,โง่เขลา!
BT2005,I messed up.,1,ข้าทำพลาด
BT2006,NAH!,1,ไม่!
BT2007,That's enough!,1,พอได้แล้ว!
BT2008,Focus up!,1,ตั้งสมาธิ!
BT2009,You fell for it!,1,ติดกับแล้ว!
BT2010,I owe you one.,1,ข้าติดหนี้เจ้า
BT2011,I could get used to this.,1,ข้าชักจะชอบแบบนี้แล้ว
BT2012,Not bad!,1,ไม่เลว!
BT2013,Ready for more.,1,พร้อมอีก
BT2014,Can't... be...,1,เป็น...ไปไม่ได้...
BT2015,How pathetic.,1,น่าสมเพชจริง
BT2016,Here you are.,2,นี่ของเจ้า
BT2017,This one'll hurt.,1,อันนี้ต้องเจ็บ
BT2018,Time to get to work.,1,ได้เวลาทำงาน
BT2019,Force of habit.,1,ติดเป็นนิสัย
BT2020,GRRRR!,1,กรรร!
BT2021,I've had enough of you!,1,ข้าทนเจ้าไม่ไหวแล้ว!
BT2022,Just give up!,1,ยอมแพ้เถอะ!
BT2023,Can't go back empty-handed!,1,ข้ากลับมือเปล่าไม่ได้!
BT2024,Don't you dare look down on me!,1,อย่าบังอาจดูถูกข้า!
BT2025,Ha ha ha ha.,1,ฮ่า ฮ่า ฮ่า ฮ่า
BT2026,You can never have too many tricks up your sleeve.,1,มีลูกเล่นมากเท่าไรก็ไม่เคยพอ
BT2027,I just keep getting stronger.,1,ข้าแข็งแกร่งขึ้นเรื่อย ๆ
BT2028,I was born ready!,1,ข้าเกิดมาพร้อม!
BT2029,"Can't say no to you now, can I?",1,ตอนนี้คงปฏิเสธเจ้าไม่ได้สินะ?
BT2030,Ha! Overall ready?,1,ฮ่า! พร้อมทั้งหมดแล้วหรือ?
BT2031,Think I should have gone easy on him?,1,คิดว่าข้าควรออมมือให้มันไหม?
BT2032,"Ah, the stench of battle.",1,อา กลิ่นของสนามรบ
BT2033,Slaughter is such sweet fun.,1,การสังหารช่างหอมหวาน
BT2034,"For my family, I suppose.",1,เพื่อครอบครัวของข้า ละมั้ง
BT2035,How dreadful.,1,น่ากลัวจริง
BT2036,How did this happen?,1,มันเกิดขึ้นได้ยังไง?
BT2037,"Oh, I'm too beautiful to die.",1,โอ้ ข้าสวยเกินกว่าจะตาย
BT2038,Something must be done.,1,ต้องทำอะไรสักอย่าง
BT2039,VUAH!,1,ว๊าก!
BT2040,You imbecile!,1,เจ้าโง่!
BT2041,I impress even myself.,1,แม้แต่ข้ายังประทับใจตัวเอง
BT2042,Incredible.,1,เหลือเชื่อ
BT2043,What a farce!,1,ช่างเป็นเรื่องตลก!
BT2044,You... You'll pay...,1,เจ้า... เจ้าต้องชดใช้...
BT2045,Surprised?,1,แปลกใจหรือ?
BT2046,Saw right through you.,1,ข้ามองเจ้าออกหมดแล้ว
BT2047,Good job.,1,ทำได้ดี
BT2048,I approve.,1,ข้าเห็นด้วย
BT2049,"Ah, well, let's see.",1,อา เอาล่ะ มาดูกัน
BT2050,"Ah, try not to waste this.",1,อา พยายามอย่าทำสิ่งนี้เสียเปล่านะ
BT2051,Is this... where I fall?,1,นี่...คือที่ที่ข้าจะล้มหรือ?
BT2052,Come now!,1,เข้ามาสิ!
BT2053,Be swept away!,1,จงถูกพัดไป!
BT2054,The wind rages!,1,สายลมกำลังคลั่ง!
BT2055,This is only the beginning!,1,นี่เพิ่งเริ่มเท่านั้น!
BT2056,Give way!,1,หลีกทาง!
BT2057,Death is not the end!,1,ความตายไม่ใช่จุดจบ!
BT2058,I suppose it falls to me.,1,คงต้องเป็นข้า
BT2059,I must do something!,1,ข้าต้องทำอะไรสักอย่าง!
BT2060,It's time.,1,ถึงเวลาแล้ว
BT2061,I'll give it my best.,1,ข้าจะทำให้ดีที่สุด
BT2062,So it comes to battle.,1,สุดท้ายก็ต้องสู้
BT2063,I must remain calm.,1,ข้าต้องใจเย็น
BT2064,What do I do?,1,ข้าควรทำยังไง?
BT2065,Must die?,1,ต้องตายหรือ?
BT2066,They're quite strong.,1,พวกมันแข็งแกร่งทีเดียว
BT2067,I need healing.,1,ข้าต้องการการรักษา
BT2068,This'll do it!,1,แบบนี้ได้แน่!
BT2069,And have another!,1,รับอีกอันไป!
BT2070,I'll help you!,1,ข้าจะช่วยเจ้า!
BT2071,Splendid results!,1,ผลลัพธ์ยอดเยี่ยม!
BT2072,Damn.,1,บ้าเอ๊ย
BT2073,We're not finished!,1,เรายังไม่จบ!
BT2074,Have it your way!,1,ตามใจเจ้า!
BT2075,This is for you!,1,นี่สำหรับเจ้า!
BT2076,I'm saved.,1,ข้ารอดแล้ว
BT2077,What a relief!,1,โล่งอกจริง!
BT2078,Now this is something!,1,นี่สิของดี!
BT2079,I feel like I can do anything.,1,รู้สึกว่าข้าทำได้ทุกอย่าง
BT2080,Might be useful.,1,อาจมีประโยชน์
BT2081,Can't go... on...,1,ไปต่อ...ไม่ไหว...
BT2082,I think I'm done for.,1,ข้าคงไม่รอดแล้ว
BT2083,Aim steady.,1,เล็งให้นิ่ง
BT2084,Amen.,1,อาเมน
BT2085,Sorry.,1,ขอโทษ
BT2086,Please work!,1,ได้โปรด ได้ผลที!
BT2087,If I can just get over there...,1,ถ้าข้าไปถึงตรงนั้นได้...
BT2088,I'll hold them off.,1,ข้าจะถ่วงพวกมันไว้
BT2089,This is my way of doing things.,1,นี่คือวิธีของข้า
BT2090,Here's a little something special for you.,1,นี่ของพิเศษเล็ก ๆ น้อย ๆ สำหรับเจ้า
BT2091,I've made a breakthrough!,1,ข้าค้นพบทางใหม่แล้ว!
BT2092,I can do this.,1,ข้าทำได้
BT2093,There's more yet to learn.,1,ยังมีอีกมากให้เรียนรู้
BT2094,I really feel like I've grown.,1,ข้ารู้สึกว่าตัวเองเติบโตขึ้นจริง ๆ
BT2095,I... I'll do my best.,1,ข้า...ข้าจะทำให้ดีที่สุด
BT2096,I'll give it a try.,1,ข้าจะลองดู
BT2097,I'm getting better.,1,ข้าเก่งขึ้นแล้ว
BT2098,"I should have some faith in myself, right?",1,ข้าควรเชื่อในตัวเองบ้าง ใช่ไหม?
BT2099,Me.,1,ข้า
BT2100,Behold! Behold!,1,จงดู! จงดู!
BT2101,Decimal. Taking off.,1,เดซิมัล กำลังออกตัว
BT2102,Here I go!,1,ข้าไปล่ะ!
BT2103,"Oh, dear. Oh, dear.",1,โอ้ตาย โอ้ตาย
BT2104,precarious.,1,เสี่ยงอันตราย
BT2105,This was too much for me.,1,นี่หนักเกินไปสำหรับข้า
BT2106,Whatever to do.,1,จะทำอย่างไรดี
BT2107,Something is strange.,1,มีบางอย่างแปลกไป
BT2108,My condition is not optimal.,1,สภาพของข้าไม่สมบูรณ์
BT2109,"Ha, ya!",1,ฮ่า ย่า!
BT2110,Hi!,1,สวัสดี!
BT2111,Ciao!,1,เชา!
BT2112,Am I useful now?,1,ตอนนี้ข้ามีประโยชน์ไหม?
BT2113,And one more.,1,อีกหนึ่ง
BT2114,I did it! I did it!,1,ข้าทำได้! ข้าทำได้!
BT2115,Exactly as calculated.,1,เป็นไปตามการคำนวณ
BT2116,Failure again.,1,ล้มเหลวอีกครั้ง
BT2117,"Forgive me, Master.",1,ยกโทษให้ข้าด้วย นายท่าน
BT2118,Wah!,1,ว้า!
BT2119,Home.,1,บ้าน...
BT2120,"Yeah, ah, ah.",1,เย่ อา อา
BT2121,"Hell, the tables have turned.",1,แย่แล้ว สถานการณ์พลิกกลับ
BT2122,"Good, good, good.",1,ดี ดี ดี
BT2123,Engaging in countermeasures.,1,เริ่มมาตรการตอบโต้
BT2124,Thank you very much.,1,ขอบคุณมาก
BT2125,I shall make every effort.,1,ข้าจะพยายามอย่างเต็มที่
BT2126,Watch me now.,1,ดูข้าตอนนี้
BT2127,I am eager to please.,1,ข้ายินดีรับใช้
BT2128,Shutting down.,1,กำลังปิดระบบ
BT2129,I cannot go on.,1,ข้าไปต่อไม่ได้
BT2130,Commencing calculations.,1,เริ่มการคำนวณ
BT2131,"Clack, clack, clack, clack.",1,แกร๊ก แกร๊ก แกร๊ก แกร๊ก
BT2132,I have a solution.,1,ข้ามีคำตอบแล้ว
BT2133,I am full of vim and vigor.,1,ข้าเต็มเปี่ยมด้วยพลัง
BT2134,You can do it! You can do it!,1,เจ้าทำได้! เจ้าทำได้!
BT2135,I believe in you.,1,ข้าเชื่อในตัวเจ้า
BT2136,Something even I can do.,1,แม้แต่ข้าก็ทำได้
BT2137,Calculating. Three.,1,กำลังคำนวณ สาม
BT2138,Calculating. Four.,1,กำลังคำนวณ สี่
BT2139,Calculating five.,1,กำลังคำนวณ ห้า
BT2140,Target acquired.,1,ล็อกเป้าหมายแล้ว
BT2141,Kapow!,1,ปัง!
BT2142,On three.,1,นับสาม
BT2143,"If my calculations are correct,",1,หากการคำนวณของข้าถูกต้อง...
BT2144,I wish you every happiness.,1,ขอให้เจ้าพบแต่ความสุข
BT2145,I've got an idea.,1,ข้ามีความคิดแล้ว
BT2146,Procured.,1,ได้มาแล้ว
BT2147,Level. Up.,1,เลเวล อัป
BT2148,I'm so happy.,1,ข้ามีความสุขมาก
BT2149,Allow me to be of assistance.,1,ให้ข้าช่วยเถอะ
BT2150,I will be more useful now.,1,ตอนนี้ข้าจะมีประโยชน์มากขึ้น
BT2151,Wow! Would you look at me?,1,ว้าว! ดูข้าสิ!
